Workbook

Sheet ■입주정보
B1: 건물명 | C1: 호실 | D1: 입주자 | E1: 코드 | F1: 납부기한 | G1: 전월 청구 | H1: 전월 청구 | I1: 당월청구 | J1: 당월청구 | K1: 연체료 | L1: 입주일 | M1: 만기일 | N1: 주민번호(사업자번호) | O1: 연락처 | P1: 예치금 | Q1: 임대료 | S1: 관리비 | U1: 수도 | W1: 케이블 | Y1: 기타 보증금 | AA1: 차량 번호 | AB1: 청소비 | AC1: 중개수수료 | AE1: 부동산 | AF1: 부동산 | AG1: 전입신고 | AH1: 애완동물 | AI1: 기타 | AJ1: 세입자 연결 | AK1: 호실 유형 | AL1: 재계약일 | AM1: 납부일
G2: 건물주 | H2: 하우스맨 | I2: 건물주 | J2: 하우스맨 | Q2: 금액 | R2: 선/후불 | S2: 금액 | T2: 선/후불 | U2: 금액 | V2: 선/후불 | W2: 금액 | X2: 선/후불 | Y2: 금액 | Z2: 유형 | AC2: 기본 | AD2: 추가(이벤트) | AF2: 연락처 | AH2: (날짜 기입)
B3: =COLUMN()-1 -> 1 | C3: =COLUMN()-1 -> 2 | D3: =COLUMN()-1 -> 3 | E3: =COLUMN()-1 -> 4 | F3: =COLUMN()-1 -> 5 | G3: =COLUMN()-1 -> 6 | H3: =COLUMN()-1 -> 7 | I3: =COLUMN()-1 -> 8 | ... AC3: =COLUMN()-1 -> 28 | AE3: =COLUMN()-1 -> 30 | AF3: =COLUMN()-1 -> 31 | AG3: =COLUMN()-1 -> 32 | AH3: =COLUMN()-1 -> 33 | AI3: =COLUMN()-1 -> 34 | AJ3: =COLUMN()-1 -> 35 | AK3: =COLUMN()-1 -> 36 | AL3: =COLUMN()-1 -> 37 | AM3: =COLUMN()-1 -> 38
B4: =_xlfn.LET(_xlpm.var,◆관리정보!B4,IF(_xlpm.var<>0,_xlpm.var,"")) -> 제이앤제이 | C4: =_xlfn.LET(_xlpm.var,◆관리정보!C4,IF(_xlpm.var<>0,_xlpm.var,"")) -> B01 | D4: 윤슬기 | E4: =_xlfn.CONCAT(B4,C4) -> 제이앤제이B01 | F4: 46117 | I4: =852640-160000-400000-50000-100000-100000-60000 -> -17360 | L4: 45721 | M4: 45812 | N4: 990908-2105818 | O4: 010-2378-5747 | P4: 650000 | Q4: 650000 | S4: 70000 | T4: 선불 | U4: 25000 | V4: 선불 | W4: 25000 | X4: 선불 | AB4: 100000 | AC4: 100000 | AE4: 리안부동산 | AF4: 010-2640-9065 | AL4: {=_xlfn.IFS( AND($AK4<>"", M4<>0, M4<=EDATE(TODAY(),2)),"도래", AND($AK4<>"", M4<>0, M4<=EDATE(TODAY(),3)),"예정", AND($AK4<>"", M4<>0, M4<=EDATE(TODAY(),6)),"관심", TRUE,"" )} | AM4: =DAY(L4) -> 5
B5: =_xlfn.LET(_xlpm.var,◆관리정보!B5,IF(_xlpm.var<>0,_xlpm.var,"")) -> 제이앤제이 | C5: =_xlfn.LET(_xlpm.var,◆관리정보!C5,IF(_xlpm.var<>0,_xlpm.var,"")) -> 101 | D5: 김용수 | E5: =_xlfn.CONCAT(B5,C5) -> 제이앤제이101 | F5: 46113 | L5: 45748 | M5: 46477 | N5: 791101-1052311 | O5: 010-3202-1081 | P5: 10000000 | Q5: 1150000 | AI5: 첫달(4/1~4/30) 임대료 무료 / 청소 조건으로 관리비 면제 | AK5: 상가/사무실 | AL5: {=_xlfn.IFS( AND($AK5<>"", M5<>0, M5<=EDATE(TODAY(),2)),"도래", AND($AK5<>"", M5<>0, M5<=EDATE(TODAY(),3)),"예정", AND($AK5<>"", M5<>0, M5<=EDATE(TODAY(),6)),"관심", TRUE,"" )} | AM5: =DAY(L5) -> 1
B6: =_xlfn.LET(_xlpm.var,◆관리정보!B6,IF(_xlpm.var<>0,_xlpm.var,"")) -> 제이앤제이 | C6: =_xlfn.LET(_xlpm.var,◆관리정보!C6,IF(_xlpm.var<>0,_xlpm.var,"")) -> 201 | D6: 박정미 | E6: =_xlfn.CONCAT(B6,C6) -> 제이앤제이201 | F6: 46115 | L6: 43162 | M6: 43345 | N6: 641101-2454626 | O6: 010-8720-2709 | P6: 1400000 | Q6: 1300000 | S6: 100000 | T6: 선불 | U6: 15000 | V6: 선불 | W6: 25000 | X6: 선불 | AB6: 150000 | AC6: 150000 | AD6: 150000 | AE6: 도성부동산 | AF6: 010-5184-6988 | AI6: 20/5/3부터 월세130만원으로 인하./셋탑박스하우스맨 보관 | AL6: {=_xlfn.IFS( AND($AK6<>"", M6<>0, M6<=EDATE(TODAY(),2)),"도래", AND($AK6<>"", M6<>0, M6<=EDATE(TODAY(),3)),"예정", AND($AK6<>"", M6<>0, M6<=EDATE(TODAY(),6)),"관심", TRUE,"" )} | AM6: =DAY(L6) -> 3
B7: =_xlfn.LET(_xlpm.var,◆관리정보!B7,IF(_xlpm.var<>0,_xlpm.var,"")) -> 제이앤제이 | C7: =_xlfn.LET(_xlpm.var,◆관리정보!C7,IF(_xlpm.var<>0,_xlpm.var,"")) -> 301 | D7: 차민철 | E7: =_xlfn.CONCAT(B7,C7) -> 제이앤제이301 | F7: 46102 | I7: 2037410 | L7: 45798 | M7: 45981 | N7: 940905-1069430 | O7: 010-7799-5297 | P7: 1650000 | Q7: 1650000 | S7: 120000 | T7: 선불 | U7: 25000 | V7: 선불 | W7: 25000 | X7: 선불 | AB7: 200000 | AC7: 250000 | AE7: 꿀부동산 | AF7: 010-4247-6499 | AI7: >6/23 개키움<대표님 | AL7: {=_xlfn.IFS( AND($AK7<>"", M7<>0, M7<=EDATE(TODAY(),2)),"도래", AND($AK7<>"", M7<>0, M7<=EDATE(TODAY(),3)),"예정", AND($AK7<>"", M7<>0, M7<=EDATE(TODAY(),6)),"관심", TRUE,"" )} | AM7: =DAY(L7) -> 21
B8: =_xlfn.LET(_xlpm.var,◆관리정보!B8,IF(_xlpm.var<>0,_xlpm.var,"")) -> 제이앤제이 | C8: =_xlfn.LET(_xlpm.var,◆관리정보!C8,IF(_xlpm.var<>0,_xlpm.var,"")) -> 401 | D8: 박유하 | E8: =_xlfn.CONCAT(B8,C8) -> 제이앤제이401 | F8: 46107 | L8: 45864 | M8: 45955 | N8: 990118-2035310 | O8: 010-2990-2972 | P8: 1950000 | Q8: 1950000 | S8: 150000 | T8: 선불 | U8: 30000 | V8: 선불 | W8: 25000 | X8: 선불 | AB8: 250000 | AC8: 200000 | AE8: 정담은부동산 | AF8: 010-9995-7171 | AI8: 고양이 키움 | AL8: {=_xlfn.IFS( AND($AK8<>"", M8<>0, M8<=EDATE(TODAY(),2)),"도래", AND($AK8<>"", M8<>0, M8<=EDATE(TODAY(),3)),"예정", AND($AK8<>"", M8<>0, M8<=EDATE(TODAY(),6)),"관심", TRUE,"" )} | AM8: =DAY(L8) -> 26
B9: =_xlfn.LET(_xlpm.var,◆관리정보!B9,IF(_xlpm.var<>0,_xlpm.var,"")) -> 스타빌 | C9: =_xlfn.LET(_xlpm.var,◆관리정보!C9,IF(_xlpm.var<>0,_xlpm.var,"")) -> 101 | D9: 신종호 | E9: =_xlfn.CONCAT(B9,C9) -> 스타빌101 | F9: 46127 | L9: 45884 | M9: 45975 | N9: 950528-1019712 | O9: 010-4049-0528 | P9: 650000 | Q9: 650000 | S9: 80000 | T9: 선불 | U9: 25000 | V9: 선불 | W9: 25000 | X9: 선불 | AB9: 100000 | AC9: 100000 | AE9: 참부동산 | AF9: 010-6684-0444 | AL9: {=_xlfn.IFS( AND($AK9<>"", M9<>0, M9<=EDATE(TODAY(),2)),"도래", AND($AK9<>"", M9<>0, M9<=EDATE(TODAY(),3)),"예정", AND($AK9<>"", M9<>0, M9<=EDATE(TODAY(),6)),"관심", TRUE,"" )} | AM9: =DAY(L9) -> 15
B10: =_xlfn.LET(_xlpm.var,◆관리정보!B10,IF(_xlpm.var<>0,_xlpm.var,"")) -> 스타빌 | C10: =_xlfn.LET(_xlpm.var,◆관리정보!C10,IF(_xlpm.var<>0,_xlpm.var,"")) -> 102 | D10: 주여울 | E10: =_xlfn.CONCAT(B10,C10) -> 스타빌102 | F10: 46109 | L10: 46050 | M10: 46139 | N10: 940617-2904514 | O10: 010-7771-6712 | P10: 700000 | Q10: 650000 | S10: 80000 | T10: 선불 | U10: 25000 | V10: 선불 | W10: 25000 | X10: 선불 | AB10: 100000 | AC10: 100000 | AE10: 프렌즈부동산 | AF10: 010-9903-8923 | AL10: {=_xlfn.IFS( AND($AK10<>"", M10<>0, M10<=EDATE(TODAY(),2)),"도래", AND($AK10<>"", M10<>0, M10<=EDATE(TODAY(),3)),"예정", AND($AK10<>"", M10<>0, M10<=EDATE(TODAY(),6)),"관심", TRUE,"" )} | AM10: =DAY(L10) -> 28
B11: =_xlfn.LET(_xlpm.var,◆관리정보!B11,IF(_xlpm.var<>0,_xlpm.var,"")) -> 스타빌 | C11: =_xlfn.LET(_xlpm.var,◆관리정보!C11,IF(_xlpm.var<>0,_xlpm.var,"")) -> 103 | D11: 정은혜 | E11: =_xlfn.CONCAT(B11,C11) -> 스타빌103 | F11: 46130 | L11: 45856 | M11: 45947 | N11: 880208-2910324 | O11: 010-2756-4239 | P11: 600000 | Q11: 600000 | S11: 80000 | T11: 선불 | U11: 25000 | V11: 선불 | W11: 25000 | X11: 선불 | AB11: 100000 | AC11: 100000 | AE11: 더피플부동산 | AF11: 010-3144-9736 | AI11: 지상층 나오면 연락 | AL11: {=_xlfn.IFS( AND($AK11<>"", M11<>0, M11<=EDATE(TODAY(),2)),"도래", AND($AK11<>"", M11<>0, M11<=EDATE(TODAY(),3)),"예정", AND($AK11<>"", M11<>0, M11<=EDATE(TODAY(),6)),"관심", TRUE,"" )} | AM11: =DAY(L11) -> 18
B12: =_xlfn.LET(_xlpm.var,◆관리정보!B12,IF(_xlpm.var<>0,_xlpm.var,"")) -> 스타빌 | C12: =_xlfn.LET(_xlpm.var,◆관리정보!C12,IF(_xlpm.var<>0,_xlpm.var,"")) -> 105 | D12: 황현호 | E12: =_xlfn.CONCAT(B12,C12) -> 스타빌105 | F12: 46116 | L12: 46057 | M12: 46145 | N12: 921011-1057611 | O12: 010-9996-9671 | P12: 650000 | Q12: 650000 | S12: 80000 | T12: 선불 | U12: 25000 | V12: 선불 | W12: 25000 | X12: 선불 | AB12: 100000 | AC12: 100000 | AE12: 정담부동산 | AF12: 010-3637-3578 | AL12: {=_xlfn.IFS( AND($AK12<>"", M12<>0, M12<=EDATE(TODAY(),2)),"도래", AND($AK12<>"", M12<>0, M12<=EDATE(TODAY(),3)),"예정", AND($AK12<>"", M12<>0, M12<=EDATE(TODAY(),6)),"관심", TRUE,"" )} | AM12: =DAY(L12) -> 4
B13: =_xlfn.LET(_xlpm.var,◆관리정보!B13,IF(_xlpm.var<>0,_xlpm.var,"")) -> 스타빌 | C13: =_xlfn.LET(_xlpm.var,◆관리정보!C13,IF(_xlpm.var<>0,_xlpm.var,"")) -> 201 | D13: 이지현 | E13: =_xlfn.CONCAT(B13,C13) -> 스타빌201 | F13: 46116 | L13: 43955 | M13: 44046 | N13: 841123-2058711 | O13: 010-5050-9375 | P13: 650000 | Q13: 650000 | S13: 60000 | T13: 선불 | U13: 20000 | V13: 선불 | W13: 25000 | X13: 선불 | AB13: 100000 | AC13: 100000 | AD13: 50000 | AE13: 정담은부동산 | AF13: 010-2941-9295 | AI13: 12/4 월세5만,수도5천인상 | AL13: {=_xlfn.IFS( AND($AK13<>"", M13<>0, M13<=EDATE(TODAY(),2)),"도래", AND($AK13<>"", M13<>0, M13<=EDATE(TODAY(),3)),"예정", AND($AK13<>"", M13<>0, M13<=EDATE(TODAY(),6)),"관심", TRUE,"" )} | AM13: =DAY(L13) -> 4
B14: =_xlfn.LET(_xlpm.var,◆관리정보!B14,IF(_xlpm.var<>0,_xlpm.var,"")) -> 스타빌 | C14: =_xlfn.LET(_xlpm.var,◆관리정보!C14,IF(_xlpm.var<>0,_xlpm.var,"")) -> 202 | D14: 이지람 | E14: =_xlfn.CONCAT(B14,C14) -> 스타빌202 | F14: 46110 | L14: 45594 | M14: 45685 | N14: 930807-1200225 | O14: 010-6680-7123 | P14: 750000 | Q14: 750000 | S14: 80000 | T14: 선불 | U14: 25000 | V14: 선불 | W14: 25000 | X14: 선불 | AB14: 100000 | AC14: 100000 | AE14: 리스펙부동산 | AF14: 010-5959-8200 | AL14: {=_xlfn.IFS( AND($AK14<>"", M14<>0, M14<=EDATE(TODAY(),2)),"도래", AND($AK14<>"", M14<>0, M14<=EDATE(TODAY(),3)),"예정", AND($AK14<>"", M14<>0, M14<=EDATE(TODAY(),6)),"관심", TRUE,"" )} | AM14: =DAY(L14) -> 29
B15: =_xlfn.LET(_xlpm.var,◆관리정보!B15,IF(_xlpm.var<>0,_xlpm.var,"")) -> 스타빌 | C15: =_xlfn.LET(_xlpm.var,◆관리정보!C15,IF(_xlpm.var<>0,_xlpm.var,"")) -> 203 | D15: 김성호 | E15: =_xlfn.CONCAT(B15,C15) -> 스타빌203 | F15: 46108 | L15: 45743 | M15: 45834 | N15: 900123-1748144 | O15: 010-2049-6191 | P15: 750000 | Q15: 700000 | S15: 80000 | T15: 선불 | U15: 25000 | V15: 선불 | W15: 25000 | X15: 선불 | AB15: 100000 | AC15: 100000 | AE15: 더피플부동산 | AF15: 010-3980-1211 | AL15: {=_xlfn.IFS( AND($AK15<>"", M15<>0, M15<=EDATE(TODAY(),2)),"도래", AND($AK15<>"", M15<>0, M15<=EDATE(TODAY(),3)),"예정", AND($AK15<>"", M15<>0, M15<=EDATE(TODAY(),6)),"관심", TRUE,"" )} | AM15: =DAY(L15) -> 27
B16: =_xlfn.LET(_xlpm.var,◆관리정보!B16,IF(_xlpm.var<>0,_xlpm.var,"")) -> 스타빌 | C16: =_xlfn.LET(_xlpm.var,◆관리정보!C16,IF(_xlpm.var<>0,_xlpm.var,"")) -> 205 | D16: 김소희 | E16: =_xlfn.CONCAT(B16,C16) -> 스타빌205 | F16: 46123 | L16: 45393 | M16: 45483 | N16: 001217-4151612 | O16: 010-7631-2483 | P16: 700000 | Q16: 700000 | S16: 80000 | T16: 선불 | U16: 20000 | V16: 선불 | W16: 25000 | X16: 선불 | AB16: 100000 | AC16: 100000 | AE16: 정담은부동산 | AF16: 010-9042-8412 | AL16: {=_xlfn.IFS( AND($AK16<>"", M16<>0, M16<=EDATE(TODAY(),2)),"도래", AND($AK16<>"", M16<>0, M16<=EDATE(TODAY(),3)),"예정", AND($AK16<>"", M16<>0, M16<=EDATE(TODAY(),6)),"관심", TRUE,"" )} | AM16: =DAY(L16) -> 11
B17: =_xlfn.LET(_xlpm.var,◆관리정보!B17,IF(_xlpm.var<>0,_xlpm.var,"")) -> 스타빌 | C17: =_xlfn.LET(_xlpm.var,◆관리정보!C17,IF(_xlpm.var<>0,_xlpm.var,"")) -> 301 | D17: 박성윤 | E17: =_xlfn.CONCAT(B17,C17) -> 스타빌301 | F17: 46128 | L17: 46007 | M17: 46096 | N17: 000512-3018714 | O17: 010-4998-6676 | P17: 700000 | Q17: 700000 | S17: 80000 | T17: 선불 | U17: 25000 | V17: 선불 | W17: 25000 | X17: 선불 | AB17: 100000 | AC17: 100000 | AE17: 퍼스트부동산 | AF17: 010-5702-2303 | AL17: {=_xlfn.IFS( AND($AK17<>"", M17<>0, M17<=EDATE(TODAY(),2)),"도래", AND($AK17<>"", M17<>0, M17<=EDATE(TODAY(),3)),"예정", AND($AK17<>"", M17<>0, M17<=EDATE(TODAY(),6)),"관심", TRUE,"" )} | AM17: =DAY(L17) -> 16
B18: =_xlfn.LET(_xlpm.var,◆관리정보!B18,IF(_xlpm.var<>0,_xlpm.var,"")) -> 스타빌 | C18: =_xlfn.LET(_xlpm.var,◆관리정보!C18,IF(_xlpm.var<>0,_xlpm.var,"")) -> 302 | D18: 홍윤미 | E18: =_xlfn.CONCAT(B18,C18) -> 스타빌302 | F18: 46125 | L18: 44299 | M18: 44481 | N18: 810715-2402711 | O18: 010-4187-3400 | P18: 650000 | Q18: 650000 | S18: 60000 | T18: 선불 | U18: 15000 | V18: 선불 | W18: 25000 | X18: 선불 | AB18: 100000 | AC18: 100000 | AD18: 50000 | AE18: 반하다부동산 | AF18: 010-4087-8706 | AL18: {=_xlfn.IFS( AND($AK18<>"", M18<>0, M18<=EDATE(TODAY(),2)),"도래", AND($AK18<>"", M18<>0, M18<=EDATE(TODAY(),3)),"예정", AND($AK18<>"", M18<>0, M18<=EDATE(TODAY(),6)),"관심", TRUE,"" )} | AM18: =DAY(L18) -> 13
B19: =_xlfn.LET(_xlpm.var,◆관리정보!B19,IF(_xlpm.var<>0,_xlpm.var,"")) -> 스타빌 | C19: =_xlfn.LET(_xlpm.var,◆관리정보!C19,IF(_xlpm.var<>0,_xlpm.var,"")) -> 303 | D19: 김세아 | E19: =_xlfn.CONCAT(B19,C19) -> 스타빌303 | F19: 46103 | J19: 902720 | L19: 46044 | M19: 46133 | N19: 070622-4274210 | O19: 010-5635-8622 | P19: 700000 | Q19: 700000 | S19: 80000 | T19: 선불 | U19: 25000 | V19: 선불 | W19: 25000 | X19: 선불 | AB19: 100000 | AC19: 100000 | AE19: 정담부동산 | AF19: 010-9995-7171 | AL19: {=_xlfn.IFS( AND($AK19<>"", M19<>0, M19<=EDATE(TODAY(),2)),"도래", AND($AK19<>"", M19<>0, M19<=EDATE(TODAY(),3)),"예정", AND($AK19<>"", M19<>0, M19<=EDATE(TODAY(),6)),"관심", TRUE,"" )} | AM19: =DAY(L19) -> 22
B20: =_xlfn.LET(_xlpm.var,◆관리정보!B20,IF(_xlpm.var<>0,_xlpm.var,"")) -> 스타빌 | C20: =_xlfn.LET(_xlpm.var,◆관리정보!C20,IF(_xlpm.var<>0,_xlpm.var,"")) -> 305 | D20: 박현진 | E20: =_xlfn.CONCAT(B20,C20) -> 스타빌305 | F20: 46106 | J20: 947080 | L20: 45802 | M20: 45893 | N20: 890227-2851512 | O20: 010-9233-7410 | P20: 700000 | Q20: 700000 | S20: 80000 | T20: 선불 | U20: 25000 | V20: 선불 | W20: 25000 | X20: 선불 | AB20: 100000 | AC20: 100000 | AE20: SD부동산 | AF20: 010-2261-3125 | AL20: {=_xlfn.IFS( AND($AK20<>"", M20<>0, M20<=EDATE(TODAY(),2)),"도래", AND($AK20<>"", M20<>0, M20<=EDATE(TODAY(),3)),"예정", AND($AK20<>"", M20<>0, M20<=EDATE(TODAY(),6)),"관심", TRUE,"" )} | AM20: =DAY(L20) -> 25
B21: =_xlfn.LET(_xlpm.var,◆관리정보!B21,IF(_xlpm.var<>0,_xlpm.var,"")) -> 스타빌 | C21: =_xlfn.LET(_xlpm.var,◆관리정보!C21,IF(_xlpm.var<>0,_xlpm.var,"")) -> 401 | D21: 박유림 | E21: =_xlfn.CONCAT(B21,C21) -> 스타빌401 | F21: 46121 | L21: 45208 | M21: 45299 | N21: 980408-2861912 | O21: 010-2755-0364 | P21: 700000 | Q21: 700000 | S21: 80000 | T21: 선불 | U21: 20000 | V21: 선불 | W21: 25000 | X21: 선불 | AB21: 100000 | AC21: 100000 | AE21: 정담은부동산 | AF21: 010-6467-7663 | AL21: {=_xlfn.IFS( AND($AK21<>"", M21<>0, M21<=EDATE(TODAY(),2)),"도래", AND($AK21<>"", M21<>0, M21<=EDATE(TODAY(),3)),"예정", AND($AK21<>"", M21<>0, M21<=EDATE(TODAY(),6)),"관심", TRUE,"" )} | AM21: =DAY(L21) -> 9
B22: =_xlfn.LET(_xlpm.var,◆관리정보!B22,IF(_xlpm.var<>0,_xlpm.var,"")) -> 스타빌 | C22: =_xlfn.LET(_xlpm.var,◆관리정보!C22,IF(_xlpm.var<>0,_xlpm.var,"")) -> 402 | D22: 김혜서 | E22: =_xlfn.CONCAT(B22,C22) -> 스타빌402 | F22: 46115 | L22: 46056 | M22: 46144 | N22: 020409-4096419 | O22: 010-4014-8167 | P22: 750000 | Q22: 750000 | S22: 80000 | T22: 선불 | U22: 25000 | V22: 선불 | W22: 25000 | X22: 선불 | AB22: 100000 | AC22: 100000 | AE22: SD부동산 | AF22: 010-2831-6479 | AL22: {=_xlfn.IFS( AND($AK22<>"", M22<>0, M22<=EDATE(TODAY(),2)),"도래", AND($AK22<>"", M22<>0, M22<=EDATE(TODAY(),3)),"예정", AND($AK22<>"", M22<>0, M22<=EDATE(TODAY(),6)),"관심", TRUE,"" )} | AM22: =DAY(L22) -> 3
B23: =_xlfn.LET(_xlpm.var,◆관리정보!B23,IF(_xlpm.var<>0,_xlpm.var,"")) -> 스타빌 | C23: =_xlfn.LET(_xlpm.var,◆관리정보!C23,IF(_xlpm.var<>0,_xlpm.var,"")) -> 403 | D23: 송예준 | E23: =_xlfn.CONCAT(B23,C23) -> 스타빌403 | F23: 46104 | J23: 991510 | L23: 45923 | M23: 46013 | N23: 960601-1079816 | O23: 010-2458-9765 | P23: 750000 | Q23: 750000 | S23: 80000 | T23: 선불 | U23: 25000 | V23: 선불 | W23: 25000 | X23: 선불 | AB23: 100000 | AC23: 100000 | AE23: SD부동산 | AF23: 010-9489-3929 | AL23: {=_xlfn.IFS( AND($AK23<>"", M23<>0, M23<=EDATE(TODAY(),2)),"도래", AND($AK23<>"", M23<>0, M23<=EDATE(TODAY(),3)),"예정", AND($AK23<>"", M23<>0, M23<=EDATE(TODAY(),6)),"관심", TRUE,"" )} | AM23: =DAY(L23) -> 23
B24: =_xlfn.LET(_xlpm.var,◆관리정보!B24,IF(_xlpm.var<>0,_xlpm.var,"")) -> 스타빌 | C24: =_xlfn.LET(_xlpm.var,◆관리정보!C24,IF(_xlpm.var<>0,_xlpm.var,"")) -> 405 | D24: 고연희 | E24: =_xlfn.CONCAT(B24,C24) -> 스타빌405 | F24: 46097 | J24: =1006030-1370 -> 1004660 | L24: 46007 | M24: 46096 | N24: 751124-2057743 | O24: 010-7570-5846 | P24: 750000 | Q24: 700000 | S24: 80000 | T24: 선불 | U24: 25000 | V24: 선불 | W24: 25000 | X24: 선불 | AB24: 100000 | AC24: 100000 | AE24: 프렌즈부동산 | AF24: 010-9903-8923 | AL24: {=_xlfn.IFS( AND($AK24<>"", M24<>0, M24<=EDATE(TODAY(),2)),"도래", AND($AK24<>"", M24<>0, M24<=EDATE(TODAY(),3)),"예정", AND($AK24<>"", M24<>0, M24<=EDATE(TODAY(),6)),"관심", TRUE,"" )} | AM24: =DAY(L24) -> 16
B25: =_xlfn.LET(_xlpm.var,◆관리정보!B25,IF(_xlpm.var<>0,_xlpm.var,"")) -> 아페이론 | C25: =_xlfn.LET(_xlpm.var,◆관리정보!C25,IF(_xlpm.var<>0,_xlpm.var,"")) -> 101 | D25: 한유진 | E25: =_xlfn.CONCAT(B25,C25) -> 아페이론101 | F25: 46116 | L25: 45781 | M25: 45872 | N25: 001206-4937211 | O25: 010-8652-6254 | P25: 1200000 | Q25: 1200000 | S25: 80000 | T25: 선불 | U25: 25000 | V25: 선불 | W25: 25000 | X25: 선불 | AB25: 180000 | AC25: 200000 | AE25: 강남더힐부동산 | AF25: 010-8459-3711 | AL25: {=_xlfn.IFS( AND($AK25<>"", M25<>0, M25<=EDATE(TODAY(),2)),"도래", AND($AK25<>"", M25<>0, M25<=EDATE(TODAY(),3)),"예정", AND($AK25<>"", M25<>0, M25<=EDATE(TODAY(),6)),"관심", TRUE,"" )} | AM25: =DAY(L25) -> 4
B26: =_xlfn.LET(_xlpm.var,◆관리정보!B26,IF(_xlpm.var<>0,_xlpm.var,"")) -> 아페이론 | C26: =_xlfn.LET(_xlpm.var,◆관리정보!C26,IF(_xlpm.var<>0,_xlpm.var,"")) -> 102 | D26: 신현식 | E26: =_xlfn.CONCAT(B26,C26) -> 아페이론102 | F26: 46121 | L26: 45147 | M26: 45238 | N26: 960321-1030010 | O26: 010-8847-3777 | P26: 1250000 | Q26: 1250000 | S26: 100000 | T26: 선불 | U26: 25000 | V26: 선불 | W26: 25000 | X26: 선불 | AA26: 30부9342 | AB26: 150000 | AC26: 200000 | AE26: 정담은부동산 | AF26: 010-6717-7107 | AL26: {=_xlfn.IFS( AND($AK26<>"", M26<>0, M26<=EDATE(TODAY(),2)),"도래", AND($AK26<>"", M26<>0, M26<=EDATE(TODAY(),3)),"예정", AND($AK26<>"", M26<>0, M26<=EDATE(TODAY(),6)),"관심", TRUE,"" )} | AM26: =DAY(L26) -> 9
B27: =_xlfn.LET(_xlpm.var,◆관리정보!B27,IF(_xlpm.var<>0,_xlpm.var,"")) -> 아페이론 | C27: =_xlfn.LET(_xlpm.var,◆관리정보!C27,IF(_xlpm.var<>0,_xlpm.var,"")) -> 103 | D27: 김지은 | E27: =_xlfn.CONCAT(B27,C27) -> 아페이론103 | F27: 46098 | J27: =1474460-700000 -> 774460 | L27: 45308 | M27: 45398 | N27: 950317-2182415 | O27: 010-2861-0889 | P27: 1200000 | Q27: 1200000 | S27: 80000 | T27: 선불 | U27: 25000 | V27: 선불 | W27: 25000 | X27: 선불 | AB27: 150000 | AC27: 200000 | AE27: 투유부동산 | AF27: 010-7345-7907 | AI27: 1/7 퇴실 취소 ( 퇴실 일자 확인하여 일주일 전에 회사로 전화 달라 안내 함) | AL27: {=_xlfn.IFS( AND($AK27<>"", M27<>0, M27<=EDATE(TODAY(),2)),"도래", AND($AK27<>"", M27<>0, M27<=EDATE(TODAY(),3)),"예정", AND($AK27<>"", M27<>0, M27<=EDATE(TODAY(),6)),"관심", TRUE,"" )} | AM27: =DAY(L27) -> 17
B28: =_xlfn.LET(_xlpm.var,◆관리정보!B28,IF(_xlpm.var<>0,_xlpm.var,"")) -> 아페이론 | C28: =_xlfn.LET(_xlpm.var,◆관리정보!C28,IF(_xlpm.var<>0,_xlpm.var,"")) -> 104 | D28: 김도경 | E28: =_xlfn.CONCAT(B28,C28) -> 아페이론104 | F28: 46114 | L28: 42157 | M28: 42248 | N28: 931023-2247117 | O28: 010-6825-5997 | P28: 1300000 | Q28: 1300000 | S28: 100000 | T28: 선불 | U28: 20000 | V28: 후불 | W28: 25000 | X28: 후불 | AB28: 80000 | AC28: 200000 | AD28: 100000 | AE28: 타임부동산 | AF28: 010-8678-1666 | AI28: (고양이2마리,벽지손상심한상태)12/2 수도 5천,관리비2만인상 (이전번호 : 010-2576-6586) | AL28: {=_xlfn.IFS( AND($AK28<>"", M28<>0, M28<=EDATE(TODAY(),2)),"도래", AND($AK28<>"", M28<>0, M28<=EDATE(TODAY(),3)),"예정", AND($AK28<>"", M28<>0, M28<=EDATE(TODAY(),6)),"관심", TRUE,"" )} | AM28: =DAY(L28) -> 2
B29: =_xlfn.LET(_xlpm.var,◆관리정보!B29,IF(_xlpm.var<>0,_xlpm.var,"")) -> 아페이론 | C29: =_xlfn.LET(_xlpm.var,◆관리정보!C29,IF(_xlpm.var<>0,_xlpm.var,"")) -> 105 | D29: 김태오 | E29: =_xlfn.CONCAT(B29,C29) -> 아페이론105 | F29: 46127 | J29: =1581110-(500000+500000+500000+90000) -> -8890 | L29: 45672 | M29: 45761 | N29: 920103-1870314 | O29: 010-3425-1062 | P29: 1250000 | Q29: 1250000 | S29: 80000 | T29: 선불 | U29: 25000 | V29: 선불 | W29: 25000 | X29: 선불 | AB29: 180000 | AC29: 200000 | AE29: dh부동산 | AF29: 010-5719-2838 | AL29: {=_xlfn.IFS( AND($AK29<>"", M29<>0, M29<=EDATE(TODAY(),2)),"도래", AND($AK29<>"", M29<>0, M29<=EDATE(TODAY(),3)),"예정", AND($AK29<>"", M29<>0, M29<=EDATE(TODAY(),6)),"관심", TRUE,"" )} | AM29: =DAY(L29) -> 15
B30: =_xlfn.LET(_xlpm.var,◆관리정보!B30,IF(_xlpm.var<>0,_xlpm.var,"")) -> 아페이론 | C30: =_xlfn.LET(_xlpm.var,◆관리정보!C30,IF(_xlpm.var<>0,_xlpm.var,"")) -> 201 | D30: 박유빈 | E30: =_xlfn.CONCAT(B30,C30) -> 아페이론201 | F30: 46091 | J30: =1467900-750000 -> 717900 | K30: 22500 | L30: 46001 | M30: 46090 | N30: 941213-1731115 | O30: 010-7684-8191 | P30: 1200000 | Q30: 1200000 | S30: 80000 | T30: 선불 | U30: 25000 | V30: 선불 | W30: 25000 | X30: 선불 | AB30: 180000 | AC30: 200000 | AE30: 투유부동산 | AF30: 010-4768-6559 | AL30: {=_xlfn.IFS( AND($AK30<>"", M30<>0, M30<=EDATE(TODAY(),2)),"도래", AND($AK30<>"", M30<>0, M30<=EDATE(TODAY(),3)),"예정", AND($AK30<>"", M30<>0, M30<=EDATE(TODAY(),6)),"관심", TRUE,"" )} | AM30: =DAY(L30) -> 10
B31: =_xlfn.LET(_xlpm.var,◆관리정보!B31,IF(_xlpm.var<>0,_xlpm.var,"")) -> 아페이론 | C31: =_xlfn.LET(_xlpm.var,◆관리정보!C31,IF(_xlpm.var<>0,_xlpm.var,"")) -> 202 | D31: 박채원 | E31: =_xlfn.CONCAT(B31,C31) -> 아페이론202 | F31: 46128 | L31: 46097 | M31: 46188 | N31: 040512-4164613 | O31: 010-4713-3261 | P31: 1250000 | Q31: 1200000 | S31: 80000 | T31: 선불 | U31: 25000 | V31: 선불 | W31: 25000 | X31: 선불 | AB31: 180000 | AC31: 200000 | AE31: 정담은부동산 | AF31: 010-6467-7663 | AL31: {=_xlfn.IFS( AND($AK31<>"", M31<>0, M31<=EDATE(TODAY(),2)),"도래", AND($AK31<>"", M31<>0, M31<=EDATE(TODAY(),3)),"예정", AND($AK31<>"", M31<>0, M31<=EDATE(TODAY(),6)),"관심", TRUE,"" )} | AM31: =DAY(L31) -> 16
B32: =_xlfn.LET(_xlpm.var,◆관리정보!B32,IF(_xlpm.var<>0,_xlpm.var,"")) -> 아페이론 | C32: =_xlfn.LET(_xlpm.var,◆관리정보!C32,IF(_xlpm.var<>0,_xlpm.var,"")) -> 203 | D32: 이준우 | E32: =_xlfn.CONCAT(B32,C32) -> 아페이론203 | F32: 46095 | J32: =1540100-540100-200000-200000-100000 -> 500000 | K32: 15000 | L32: 45579 | M32: 45670 | N32: 020801-3170223 | O32: 010-3234-5260 | P32: 1300000 | Q32: 1300000 | S32: 80000 | T32: 선불 | U32: 25000 | V32: 선불 | W32: 25000 | X32: 선불 | AB32: 180000 | AC32: 200000 | AE32: 강남센터부동산 | AF32: 010-9042-8412 | AI32: 기존 연락처 : 010-7521-5260 | AL32: {=_xlfn.IFS( AND($AK32<>"", M32<>0, M32<=EDATE(TODAY(),2)),"도래", AND($AK32<>"", M32<>0, M32<=EDATE(TODAY(),3)),"예정", AND($AK32<>"", M32<>0, M32<=EDATE(TODAY(),6)),"관심", TRUE,"" )} | AM32: =DAY(L32) -> 14
B33: =_xlfn.LET(_xlpm.var,◆관리정보!B33,IF(_xlpm.var<>0,_xlpm.var,"")) -> 아페이론 | C33: =_xlfn.LET(_xlpm.var,◆관리정보!C33,IF(_xlpm.var<>0,_xlpm.var,"")) -> 204 | D33: 권영우 | E33: =_xlfn.CONCAT(B33,C33) -> 아페이론204 | F33: 46100 | J33: 1385850 | L33: 45796 | M33: 45887 | N33: 861220-1068919 | O33: 010-7936-0506 | P33: 1200000 | Q33: 1200000 | S33: 100000 | T33: 선불 | U33: 25000 | V33: 선불 | W33: 25000 | X33: 선불 | AA33: 13버2621 | AB33: 180000 | AC33: 200000 | AE33: 하이앤드부동산 | AF33: 010-8243-2387 | AI33: 개 키움 1.6 | AL33: {=_xlfn.IFS( AND($AK33<>"", M33<>0, M33<=EDATE(TODAY(),2)),"도래", AND($AK33<>"", M33<>0, M33<=EDATE(TODAY(),3)),"예정", AND($AK33<>"", M33<>0, M33<=EDATE(TODAY(),6)),"관심", TRUE,"" )} | AM33: =DAY(L33) -> 19
B34: =_xlfn.LET(_xlpm.var,◆관리정보!B34,IF(_xlpm.var<>0,_xlpm.var,"")) -> 아페이론 | C34: =_xlfn.LET(_xlpm.var,◆관리정보!C34,IF(_xlpm.var<>0,_xlpm.var,"")) -> 205 | D34: 정현민 | E34: =_xlfn.CONCAT(B34,C34) -> 아페이론205 | F34: 46101 | J34: 1438800 | L34: 46042 | M34: 46131 | N34: 000607-3241016 | O34: 010-8001-5981 | P34: 1200000 | Q34: 1200000 | S34: 80000 | T34: 선불 | U34: 25000 | V34: 선불 | W34: 25000 | X34: 선불 | AA34: 367버1207 | AB34: 180000 | AC34: 200000 | AE34: 프렌즈부동산 | AF34: 010-4022-7333 | AL34: {=_xlfn.IFS( AND($AK34<>"", M34<>0, M34<=EDATE(TODAY(),2)),"도래", AND($AK34<>"", M34<>0, M34<=EDATE(TODAY(),3)),"예정", AND($AK34<>"", M34<>0, M34<=EDATE(TODAY(),6)),"관심", TRUE,"" )} | AM34: =DAY(L34) -> 20
B35: =_xlfn.LET(_xlpm.var,◆관리정보!B35,IF(_xlpm.var<>0,_xlpm.var,"")) -> 다존하우스 | C35: =_xlfn.LET(_xlpm.var,◆관리정보!C35,IF(_xlpm.var<>0,_xlpm.var,"")) -> 201 | D35: 권지현 | E35: =_xlfn.CONCAT(B35,C35) -> 다존하우스201 | F35: 46101 | J35: 619310 | L35: 45950 | M35: 46010 | N35: 680402-2350410 | O35: 010-5879-9657 | P35: 500000 | Q35: 500000 | S35: 70000 | T35: 선불 | AB35: 80000 | AC35: 100000 | AE35: 골든부동산 | AF35: 010-4783-3367 | AL35: {=_xlfn.IFS( AND($AK35<>"", M35<>0, M35<=EDATE(TODAY(),2)),"도래", AND($AK35<>"", M35<>0, M35<=EDATE(TODAY(),3)),"예정", AND($AK35<>"", M35<>0, M35<=EDATE(TODAY(),6)),"관심", TRUE,"" )} | AM35: =DAY(L35) -> 20
B36: =_xlfn.LET(_xlpm.var,◆관리정보!B36,IF(_xlpm.var<>0,_xlpm.var,"")) -> 다존하우스 | C36: =_xlfn.LET(_xlpm.var,◆관리정보!C36,IF(_xlpm.var<>0,_xlpm.var,"")) -> 202 | D36: 퇴실 | E36: =_xlfn.CONCAT(B36,C36) -> 다존하우스202 | AI36: 누수가 확인 하려면 입주 후 상황봐야 알 것 같다고 하십 | AL36: {=_xlfn.IFS( AND($AK36<>"", M36<>0, M36<=EDATE(TODAY(),2)),"도래", AND($AK36<>"", M36<>0, M36<=EDATE(TODAY(),3)),"예정", AND($AK36<>"", M36<>0, M36<=EDATE(TODAY(),6)),"관심", TRUE,"" )} | AM36: =DAY(L36) -> 0
B37: =_xlfn.LET(_xlpm.var,◆관리정보!B37,IF(_xlpm.var<>0,_xlpm.var,"")) -> 다존하우스 | C37: =_xlfn.LET(_xlpm.var,◆관리정보!C37,IF(_xlpm.var<>0,_xlpm.var,"")) -> 203 | D37: 박건희 | E37: =_xlfn.CONCAT(B37,C37) -> 다존하우스203 | F37: 46130 | L37: 46009 | M37: 46098 | N37: 981109-1070829 | O37: 010-2575-0544 | P37: 500000 | Q37: 400000 | S37: 70000 | T37: 선불 | AB37: 80000 | AC37: 100000 | AE37: 연부동산 | AF37: 010-2612-9607 | AL37: {=_xlfn.IFS( AND($AK37<>"", M37<>0, M37<=EDATE(TODAY(),2)),"도래", AND($AK37<>"", M37<>0, M37<=EDATE(TODAY(),3)),"예정", AND($AK37<>"", M37<>0, M37<=EDATE(TODAY(),6)),"관심", TRUE,"" )} | AM37: =DAY(L37) -> 18
B38: =_xlfn.LET(_xlpm.var,◆관리정보!B38,IF(_xlpm.var<>0,_xlpm.var,"")) -> 다존하우스 | C38: =_xlfn.LET(_xlpm.var,◆관리정보!C38,IF(_xlpm.var<>0,_xlpm.var,"")) -> 205 | D38: 미노출 | E38: =_xlfn.CONCAT(B38,C38) -> 다존하우스205 | AI38: 도배완료 | AL38: {=_xlfn.IFS( AND($AK38<>"", M38<>0, M38<=EDATE(TODAY(),2)),"도래", AND($AK38<>"", M38<>0, M38<=EDATE(TODAY(),3)),"예정", AND($AK38<>"", M38<>0, M38<=EDATE(TODAY(),6)),"관심", TRUE,"" )} | AM38: =DAY(L38) -> 0
B39: =_xlfn.LET(_xlpm.var,◆관리정보!B39,IF(_xlpm.var<>0,_xlpm.var,"")) -> 다존하우스 | C39: =_xlfn.LET(_xlpm.var,◆관리정보!C39,IF(_xlpm.var<>0,_xlpm.var,"")) -> 206 | D39: 소현수 | E39: =_xlfn.CONCAT(B39,C39) -> 다존하우스206 | F39: 46089 | J39: 593470 | K39: 20000 | L39: 45999 | M39: 46088 | N39: 980219-1055016 | O39: 010-7643-5148 | P39: 500000 | Q39: 400000 | S39: 70000 | T39: 선불 | AB39: 80000 | AC39: 100000 | AE39: 연부동산 | AF39: 010-8589-2903 | AI39: 2/26누수[천장도배] / 010-9136-2103(부모님) / | AL39: {=_xlfn.IFS( AND($AK39<>"", M39<>0, M39<=EDATE(TODAY(),2)),"도래", AND($AK39<>"", M39<>0, M39<=EDATE(TODAY(),3)),"예정", AND($AK39<>"", M39<>0, M39<=EDATE(TODAY(),6)),"관심", TRUE,"" )} | AM39: =DAY(L39) -> 8
B40: =_xlfn.LET(_xlpm.var,◆관리정보!B40,IF(_xlpm.var<>0,_xlpm.var,"")) -> 다존하우스 | C40: =_xlfn.LET(_xlpm.var,◆관리정보!C40,IF(_xlpm.var<>0,_xlpm.var,"")) -> 207 | D40: 건물주 | E40: =_xlfn.CONCAT(B40,C40) -> 다존하우스207 | AL40: {=_xlfn.IFS( AND($AK40<>"", M40<>0, M40<=EDATE(TODAY(),2)),"도래", AND($AK40<>"", M40<>0, M40<=EDATE(TODAY(),3)),"예정", AND($AK40<>"", M40<>0, M40<=EDATE(TODAY(),6)),"관심", TRUE,"" )} | AM40: =DAY(L40) -> 0
B41: =_xlfn.LET(_xlpm.var,◆관리정보!B41,IF(_xlpm.var<>0,_xlpm.var,"")) -> 다존하우스 | C41: =_xlfn.LET(_xlpm.var,◆관리정보!C41,IF(_xlpm.var<>0,_xlpm.var,"")) -> 208 | D41: 미노출 | E41: =_xlfn.CONCAT(B41,C41) -> 다존하우스208 | AL41: {=_xlfn.IFS( AND($AK41<>"", M41<>0, M41<=EDATE(TODAY(),2)),"도래", AND($AK41<>"", M41<>0, M41<=EDATE(TODAY(),3)),"예정", AND($AK41<>"", M41<>0, M41<=EDATE(TODAY(),6)),"관심", TRUE,"" )} | AM41: =DAY(L41) -> 0
B42: =_xlfn.LET(_xlpm.var,◆관리정보!B42,IF(_xlpm.var<>0,_xlpm.var,"")) -> 다존하우스 | C42: =_xlfn.LET(_xlpm.var,◆관리정보!C42,IF(_xlpm.var<>0,_xlpm.var,"")) -> 209 | D42: 박여정 | E42: =_xlfn.CONCAT(B42,C42) -> 다존하우스209 | F42: 46127 | L42: 44454 | M42: 44634 | N42: 910829-2852712 | O42: 010-3923-1317 | P42: 500000 | Q42: 400000 | S42: 70000 | T42: 선불 | AB42: 70000 | AC42: 100000 | AE42: 세븐부동산 | AF42: 010-3889-2065 | AI42: 9/15날짜로 재계약서 작성/퇴실 시 전입신고 빼야함. | AL42: {=_xlfn.IFS( AND($AK42<>"", M42<>0, M42<=EDATE(TODAY(),2)),"도래", AND($AK42<>"", M42<>0, M42<=EDATE(TODAY(),3)),"예정", AND($AK42<>"", M42<>0, M42<=EDATE(TODAY(),6)),"관심", TRUE,"" )} | AM42: =DAY(L42) -> 15
B43: =_xlfn.LET(_xlpm.var,◆관리정보!B43,IF(_xlpm.var<>0,_xlpm.var,"")) -> 다존하우스 | C43: =_xlfn.LET(_xlpm.var,◆관리정보!C43,IF(_xlpm.var<>0,_xlpm.var,"")) -> 210 | D43: 건물주 | E43: =_xlfn.CONCAT(B43,C43) -> 다존하우스210 | AL43: {=_xlfn.IFS( AND($AK43<>"", M43<>0, M43<=EDATE(TODAY(),2)),"도래", AND($AK43<>"", M43<>0, M43<=EDATE(TODAY(),3)),"예정", AND($AK43<>"", M43<>0, M43<=EDATE(TODAY(),6)),"관심", TRUE,"" )} | AM43: =DAY(L43) -> 0
B44: =_xlfn.LET(_xlpm.var,◆관리정보!B44,IF(_xlpm.var<>0,_xlpm.var,"")) -> 다존하우스 | C44: =_xlfn.LET(_xlpm.var,◆관리정보!C44,IF(_xlpm.var<>0,_xlpm.var,"")) -> 301 | D44: 박성현 | E44: =_xlfn.CONCAT(B44,C44) -> 다존하우스301 | F44: 46126 | L44: 45822 | M44: 45913 | N44: 991204-2012411 | O44: 010-7435-9120 | P44: 500000 | Q44: 400000 | S44: 70000 | T44: 선불 | AB44: 80000 | AC44: 100000 | AE44: 한마음부동산 | AF44: 010-8976-5526 | AL44: {=_xlfn.IFS( AND($AK44<>"", M44<>0, M44<=EDATE(TODAY(),2)),"도래", AND($AK44<>"", M44<>0, M44<=EDATE(TODAY(),3)),"예정", AND($AK44<>"", M44<>0, M44<=EDATE(TODAY(),6)),"관심", TRUE,"" )} | AM44: =DAY(L44) -> 14
B45: =_xlfn.LET(_xlpm.var,◆관리정보!B45,IF(_xlpm.var<>0,_xlpm.var,"")) -> 다존하우스 | C45: =_xlfn.LET(_xlpm.var,◆관리정보!C45,IF(_xlpm.var<>0,_xlpm.var,"")) -> 302 | D45: 차준혁 | E45: =_xlfn.CONCAT(B45,C45) -> 다존하우스302 | F45: 46110 | L45: 46020 | M45: 46109 | N45: 001130-3951014 | O45: 010-4906-7278 | P45: 500000 | Q45: 400000 | S45: 70000 | T45: 선불 | AB45: 80000 | AC45: 100000 | AE45: 한마음부동산 | AF45: 010-5042-1588 | AI45: 부모님 010-7672-7288 | AL45: {=_xlfn.IFS( AND($AK45<>"", M45<>0, M45<=EDATE(TODAY(),2)),"도래", AND($AK45<>"", M45<>0, M45<=EDATE(TODAY(),3)),"예정", AND($AK45<>"", M45<>0, M45<=EDATE(TODAY(),6)),"관심", TRUE,"" )} | AM45: =DAY(L45) -> 29
B46: =_xlfn.LET(_xlpm.var,◆관리정보!B46,IF(_xlpm.var<>0,_xlpm.var,"")) -> 다존하우스 | C46: =_xlfn.LET(_xlpm.var,◆관리정보!C46,IF(_xlpm.var<>0,_xlpm.var,"")) -> 303 | D46: 이형석 | E46: =_xlfn.CONCAT(B46,C46) -> 다존하우스303 | F46: 46119 | L46: 43046 | M46: 43106 | N46: 650102-1029318 | O46: 010-2826-5028 | P46: 700000 | Q46: 500000 | S46: 70000 | T46: 선불 | AA46: 1 | AB46: 80000 | AE46: 킹부동산 | AI46: [주차함] /7/11/7입주 - 10/4 308->303호 이동(보증금 20만 인상) | AL46: {=_xlfn.IFS( AND($AK46<>"", M46<>0, M46<=EDATE(TODAY(),2)),"도래", AND($AK46<>"", M46<>0, M46<=EDATE(TODAY(),3)),"예정", AND($AK46<>"", M46<>0, M46<=EDATE(TODAY(),6)),"관심", TRUE,"" )} | AM46: =DAY(L46) -> 7
B47: =_xlfn.LET(_xlpm.var,◆관리정보!B47,IF(_xlpm.var<>0,_xlpm.var,"")) -> 다존하우스 | C47: =_xlfn.LET(_xlpm.var,◆관리정보!C47,IF(_xlpm.var<>0,_xlpm.var,"")) -> 305 | D47: 최서연 | E47: =_xlfn.CONCAT(B47,C47) -> 다존하우스305 | F47: 46101 | J47: 637180 | L47: 45677 | M47: 45766 | N47: 910101-2066014 | O47: 010-2158-8871 | P47: 500000 | Q47: 400000 | S47: 170000 | T47: 선불 | AA47: 1 | AB47: 80000 | AC47: 100000 | AE47: 한마음부동산 | AF47: 010-8976-5526 | AI47: [주차함] (관리비 1인 추가5만) 동거인 010-8280-2101/카드키 2개/ 몰래 전입신고함-3월초 전출 확인해야 함/최서연님 기존번호 010-8889-8951 | AL47: {=_xlfn.IFS( AND($AK47<>"", M47<>0, M47<=EDATE(TODAY(),2)),"도래", AND($AK47<>"", M47<>0, M47<=EDATE(TODAY(),3)),"예정", AND($AK47<>"", M47<>0, M47<=EDATE(TODAY(),6)),"관심", TRUE,"" )} | AM47: =DAY(L47) -> 20
B48: =_xlfn.LET(_xlpm.var,◆관리정보!B48,IF(_xlpm.var<>0,_xlpm.var,"")) -> 다존하우스 | C48: =_xlfn.LET(_xlpm.var,◆관리정보!C48,IF(_xlpm.var<>0,_xlpm.var,"")) -> 306 | D48: 유성민 | E48: =_xlfn.CONCAT(B48,C48) -> 다존하우스306 | F48: 46092 | J48: 614800 | L48: 46033 | M48: 46122 | N48: 990822-1474529 | O48: 010-8069-0879 | P48: 500000 | Q48: 450000 | S48: 70000 | T48: 선불 | AB48: 80000 | AC48: 100000 | AE48: 봄날부동산 | AF48: 010-5311-7306 | AI48: 2/11 200,000원 보증금 추가 3/3 카드키분실 3만원(다음달 월세에 포함시키기로) | AL48: {=_xlfn.IFS( AND($AK48<>"", M48<>0, M48<=EDATE(TODAY(),2)),"도래", AND($AK48<>"", M48<>0, M48<=EDATE(TODAY(),3)),"예정", AND($AK48<>"", M48<>0, M48<=EDATE(TODAY(),6)),"관심", TRUE,"" )} | AM48: =DAY(L48) -> 11
B49: =_xlfn.LET(_xlpm.var,◆관리정보!B49,IF(_xlpm.var<>0,_xlpm.var,"")) -> 다존하우스 | C49: =_xlfn.LET(_xlpm.var,◆관리정보!C49,IF(_xlpm.var<>0,_xlpm.var,"")) -> 307 | D49: 건물주 | E49: =_xlfn.CONCAT(B49,C49) -> 다존하우스307 | AL49: {=_xlfn.IFS( AND($AK49<>"", M49<>0, M49<=EDATE(TODAY(),2)),"도래", AND($AK49<>"", M49<>0, M49<=EDATE(TODAY(),3)),"예정", AND($AK49<>"", M49<>0, M49<=EDATE(TODAY(),6)),"관심", TRUE,"" )} | AM49: =DAY(L49) -> 0
B50: =_xlfn.LET(_xlpm.var,◆관리정보!B50,IF(_xlpm.var<>0,_xlpm.var,"")) -> 다존하우스 | C50: =_xlfn.LET(_xlpm.var,◆관리정보!C50,IF(_xlpm.var<>0,_xlpm.var,"")) -> 308 | D50: 신상수 | E50: =_xlfn.CONCAT(B50,C50) -> 다존하우스308 | F50: 46113 | L50: 45292 | M50: 45382 | N50: 920710-1240726 | O50: 010-2192-7611 | P50: 500000 | Q50: 400000 | S50: 70000 | T50: 선불 | AB50: 80000 | AC50: 100000 | AD50: 50000 | AE50: 장군부동산 | AF50: 010-8726-1123 | AL50: {=_xlfn.IFS( AND($AK50<>"", M50<>0, M50<=EDATE(TODAY(),2)),"도래", AND($AK50<>"", M50<>0, M50<=EDATE(TODAY(),3)),"예정", AND($AK50<>"", M50<>0, M50<=EDATE(TODAY(),6)),"관심", TRUE,"" )} | AM50: =DAY(L50) -> 1
B51: =_xlfn.LET(_xlpm.var,◆관리정보!B51,IF(_xlpm.var<>0,_xlpm.var,"")) -> 다존하우스 | C51: =_xlfn.LET(_xlpm.var,◆관리정보!C51,IF(_xlpm.var<>0,_xlpm.var,"")) -> 309 | D51: 나수민 | E51: =_xlfn.CONCAT(B51,C51) -> 다존하우스309 | F51: 46105 | J51: 526740 | L51: 45832 | M51: 45953 | N51: 990426-2590315 | O51: 010-8625-1932 | P51: 500000 | Q51: 400000 | S51: 70000 | T51: 선불 | AB51: 80000 | AC51: 100000 | AE51: 한마음부동산 | AF51: 010-8976-5526 | AL51: {=_xlfn.IFS( AND($AK51<>"", M51<>0, M51<=EDATE(TODAY(),2)),"도래", AND($AK51<>"", M51<>0, M51<=EDATE(TODAY(),3)),"예정", AND($AK51<>"", M51<>0, M51<=EDATE(TODAY(),6)),"관심", TRUE,"" )} | AM51: =DAY(L51) -> 24
B52: =_xlfn.LET(_xlpm.var,◆관리정보!B52,IF(_xlpm.var<>0,_xlpm.var,"")) -> 다존하우스 | C52: =_xlfn.LET(_xlpm.var,◆관리정보!C52,IF(_xlpm.var<>0,_xlpm.var,"")) -> 310 | D52: 김하영 | E52: =_xlfn.CONCAT(B52,C52) -> 다존하우스310 | F52: 46119 | L52: 46029 | M52: 46118 | N52: 020311-4692314 | O52: 010-5664-9490 | P52: 500000 | Q52: 500000 | S52: 80000 | T52: 선불 | AB52: 100000 | AC52: 100000 | AE52: 체크부동산 | AF52: 010-2816-9455 | AL52: {=_xlfn.IFS( AND($AK52<>"", M52<>0, M52<=EDATE(TODAY(),2)),"도래", AND($AK52<>"", M52<>0, M52<=EDATE(TODAY(),3)),"예정", AND($AK52<>"", M52<>0, M52<=EDATE(TODAY(),6)),"관심", TRUE,"" )} | AM52: =DAY(L52) -> 7
B53: =_xlfn.LET(_xlpm.var,◆관리정보!B53,IF(_xlpm.var<>0,_xlpm.var,"")) -> 다존하우스 | C53: =_xlfn.LET(_xlpm.var,◆관리정보!C53,IF(_xlpm.var<>0,_xlpm.var,"")) -> 501 | D53: 강가현 | E53: =_xlfn.CONCAT(B53,C53) -> 다존하우스501 | F53: 46120 | L53: 46089 | M53: 46272 | N53: 950206-2058611 | O53: 010-9425-8015 | P53: 500000 | Q53: 500000 | S53: 120000 | T53: 선불 | AA53: 124주5234 | AB53: 80000 | AC53: 150000 | AE53: 투데이부동산 | AF53: 010-7980-7484 | AL53: {=_xlfn.IFS( AND($AK53<>"", M53<>0, M53<=EDATE(TODAY(),2)),"도래", AND($AK53<>"", M53<>0, M53<=EDATE(TODAY(),3)),"예정", AND($AK53<>"", M53<>0, M53<=EDATE(TODAY(),6)),"관심", TRUE,"" )} | AM53: =DAY(L53) -> 8
B54: =_xlfn.LET(_xlpm.var,◆관리정보!B54,IF(_xlpm.var<>0,_xlpm.var,"")) -> 다존하우스 | C54: =_xlfn.LET(_xlpm.var,◆관리정보!C54,IF(_xlpm.var<>0,_xlpm.var,"")) -> 502 | D54: 송우리 | E54: =_xlfn.CONCAT(B54,C54) -> 다존하우스502 | F54: 46127 | L54: 45823 | M54: 45914 | N54: 890208-1068316 | O54: 010-5915-6046 | P54: 500000 | Q54: 400000 | S54: 70000 | T54: 선불 | AB54: 80000 | AC54: 100000 | AE54: 한마음부동산 | AF54: 010-8976-5526 | AL54: {=_xlfn.IFS( AND($AK54<>"", M54<>0, M54<=EDATE(TODAY(),2)),"도래", AND($AK54<>"", M54<>0, M54<=EDATE(TODAY(),3)),"예정", AND($AK54<>"", M54<>0, M54<=EDATE(TODAY(),6)),"관심", TRUE,"" )} | AM54: =DAY(L54) -> 15
B55: =_xlfn.LET(_xlpm.var,◆관리정보!B55,IF(_xlpm.var<>0,_xlpm.var,"")) -> 다존하우스 | C55: =_xlfn.LET(_xlpm.var,◆관리정보!C55,IF(_xlpm.var<>0,_xlpm.var,"")) -> 503 | D55: 오정민 | E55: =_xlfn.CONCAT(B55,C55) -> 다존하우스503 | F55: 46105 | J55: 584240 | L55: 45862 | M55: 45953 | N55: 010130-3222411 | O55: 010-7932-2292 | P55: 500000 | Q55: 400000 | S55: 70000 | T55: 선불 | AB55: 80000 | AC55: 100000 | AE55: 새집다오부동산 | AF55: 010-9923-8893 | AI55: 3/16 열흘 주차, 142다3393 흰색 스포티지 주차비 7만원 | AL55: {=_xlfn.IFS( AND($AK55<>"", M55<>0, M55<=EDATE(TODAY(),2)),"도래", AND($AK55<>"", M55<>0, M55<=EDATE(TODAY(),3)),"예정", AND($AK55<>"", M55<>0, M55<=EDATE(TODAY(),6)),"관심", TRUE,"" )} | AM55: =DAY(L55) -> 24
B56: =_xlfn.LET(_xlpm.var,◆관리정보!B56,IF(_xlpm.var<>0,_xlpm.var,"")) -> 다존하우스 | C56: =_xlfn.LET(_xlpm.var,◆관리정보!C56,IF(_xlpm.var<>0,_xlpm.var,"")) -> 505 | D56: 김장훈 | E56: =_xlfn.CONCAT(B56,C56) -> 다존하우스505 | F56: 46102 | J56: 525570 | L56: 46012 | M56: 46101 | N56: 861226-1059311 | O56: 010-6448-1632 | P56: 500000 | Q56: 400000 | S56: 70000 | T56: 선불 | AB56: 80000 | AC56: 100000 | AE56: 연부동산 | AF56: 010-2612-9607 | AL56: {=_xlfn.IFS( AND($AK56<>"", M56<>0, M56<=EDATE(TODAY(),2)),"도래", AND($AK56<>"", M56<>0, M56<=EDATE(TODAY(),3)),"예정", AND($AK56<>"", M56<>0, M56<=EDATE(TODAY(),6)),"관심", TRUE,"" )} | AM56: =DAY(L56) -> 21
B57: =_xlfn.LET(_xlpm.var,◆관리정보!B57,IF(_xlpm.var<>0,_xlpm.var,"")) -> 다존하우스 | C57: =_xlfn.LET(_xlpm.var,◆관리정보!C57,IF(_xlpm.var<>0,_xlpm.var,"")) -> 506 | D57: 박영규 | E57: =_xlfn.CONCAT(B57,C57) -> 다존하우스506 | F57: 46110 | L57: 45776 | M57: 45866 | N57: 901225-1820211 | O57: 010-5687-4904 | P57: 500000 | Q57: 400000 | S57: 70000 | T57: 선불 | AB57: 80000 | AC57: 100000 | AE57: 한마음부동산 | AF57: 010-6320-8321 | AI57: 010-7573-2870 / 도배 상태 좋음 | AL57: {=_xlfn.IFS( AND($AK57<>"", M57<>0, M57<=EDATE(TODAY(),2)),"도래", AND($AK57<>"", M57<>0, M57<=EDATE(TODAY(),3)),"예정", AND($AK57<>"", M57<>0, M57<=EDATE(TODAY(),6)),"관심", TRUE,"" )} | AM57: =DAY(L57) -> 29
B58: =_xlfn.LET(_xlpm.var,◆관리정보!B58,IF(_xlpm.var<>0,_xlpm.var,"")) -> 다존하우스 | C58: =_xlfn.LET(_xlpm.var,◆관리정보!C58,IF(_xlpm.var<>0,_xlpm.var,"")) -> 507 | D58: 건물주 | E58: =_xlfn.CONCAT(B58,C58) -> 다존하우스507 | AL58: {=_xlfn.IFS( AND($AK58<>"", M58<>0, M58<=EDATE(TODAY(),2)),"도래", AND($AK58<>"", M58<>0, M58<=EDATE(TODAY(),3)),"예정", AND($AK58<>"", M58<>0, M58<=EDATE(TODAY(),6)),"관심", TRUE,"" )} | AM58: =DAY(L58) -> 0
B59: =_xlfn.LET(_xlpm.var,◆관리정보!B59,IF(_xlpm.var<>0,_xlpm.var,"")) -> 다존하우스 | C59: =_xlfn.LET(_xlpm.var,◆관리정보!C59,IF(_xlpm.var<>0,_xlpm.var,"")) -> 508 | D59: 황대원 | E59: =_xlfn.CONCAT(B59,C59) -> 다존하우스508 | F59: 46109 | L59: 46081 | M59: 46261 | N59: 900803-1917221 | O59: 010-9680-8238 | P59: 500000 | Q59: 500000 | S59: 70000 | T59: 선불 | AB59: 80000 | AC59: 150000 | AE59: 연부동산 | AF59: 010-2612-9607 | AL59: {=_xlfn.IFS( AND($AK59<>"", M59<>0, M59<=EDATE(TODAY(),2)),"도래", AND($AK59<>"", M59<>0, M59<=EDATE(TODAY(),3)),"예정", AND($AK59<>"", M59<>0, M59<=EDATE(TODAY(),6)),"관심", TRUE,"" )} | AM59: =DAY(L59) -> 28
B60: =_xlfn.LET(_xlpm.var,◆관리정보!B60,IF(_xlpm.var<>0,_xlpm.var,"")) -> 다존하우스 | C60: =_xlfn.LET(_xlpm.var,◆관리정보!C60,IF(_xlpm.var<>0,_xlpm.var,"")) -> 509 | D60: 퇴실 | E60: =_xlfn.CONCAT(B60,C60) -> 다존하우스509 | AI60: 싱크대 있는 호실 | AL60: {=_xlfn.IFS( AND($AK60<>"", M60<>0, M60<=EDATE(TODAY(),2)),"도래", AND($AK60<>"", M60<>0, M60<=EDATE(TODAY(),3)),"예정", AND($AK60<>"", M60<>0, M60<=EDATE(TODAY(),6)),"관심", TRUE,"" )} | AM60: =DAY(L60) -> 0
B61: =_xlfn.LET(_xlpm.var,◆관리정보!B61,IF(_xlpm.var<>0,_xlpm.var,"")) -> 다존하우스 | C61: =_xlfn.LET(_xlpm.var,◆관리정보!C61,IF(_xlpm.var<>0,_xlpm.var,"")) -> 510 | D61: 조영준 | E61: =_xlfn.CONCAT(B61,C61) -> 다존하우스510 | F61: 46122 | L61: 45910 | M61: 45994 | N61: 990523-1274218 | O61: 010-5797-4515 | P61: 550000 | Q61: 550000 | S61: 130000 | T61: 선불 | AA61: 17주6555 | AB61: 100000 | AC61: 100000 | AE61: 한마음부동산 | AF61: 010-8976-5526 | AI61: [주차함] 주차비 5만원 / 10일 월급일로 예치금 추가(9/9 15만원 입금 확인) | AL61: {=_xlfn.IFS( AND($AK61<>"", M61<>0, M61<=EDATE(TODAY(),2)),"도래", AND($AK61<>"", M61<>0, M61<=EDATE(TODAY(),3)),"예정", AND($AK61<>"", M61<>0, M61<=EDATE(TODAY(),6)),"관심", TRUE,"" )} | AM61: =DAY(L61) -> 10
B62: =_xlfn.LET(_xlpm.var,◆관리정보!B62,IF(_xlpm.var<>0,_xlpm.var,"")) -> 다존하우스 | C62: =_xlfn.LET(_xlpm.var,◆관리정보!C62,IF(_xlpm.var<>0,_xlpm.var,"")) -> 601 | D62: 황재명 | E62: =_xlfn.CONCAT(B62,C62) -> 다존하우스601 | F62: 46108 | L62: 45988 | M62: 46079 | N62: 991205-1901615 | O62: 010-2769-3743 | P62: 500000 | Q62: 400000 | S62: 70000 | T62: 선불 | AB62: 80000 | AC62: 100000 | AE62: 한마음부동산 | AF62: 010-8976-5526 | AL62: {=_xlfn.IFS( AND($AK62<>"", M62<>0, M62<=EDATE(TODAY(),2)),"도래", AND($AK62<>"", M62<>0, M62<=EDATE(TODAY(),3)),"예정", AND($AK62<>"", M62<>0, M62<=EDATE(TODAY(),6)),"관심", TRUE,"" )} | AM62: =DAY(L62) -> 27
B63: =_xlfn.LET(_xlpm.var,◆관리정보!B63,IF(_xlpm.var<>0,_xlpm.var,"")) -> 다존하우스 | C63: =_xlfn.LET(_xlpm.var,◆관리정보!C63,IF(_xlpm.var<>0,_xlpm.var,"")) -> 602 | D63: 김한솔 | E63: =_xlfn.CONCAT(B63,C63) -> 다존하우스602 | F63: 46122 | L63: 46001 | M63: 46182 | N63: 920802-1065216 | O63: 010-9795-4956 | P63: 500000 | Q63: 400000 | S63: 70000 | T63: 선불 | AB63: 80000 | AC63: 150000 | AE63: 연부동산 | AF63: 010-2612-9607 | AL63: {=_xlfn.IFS( AND($AK63<>"", M63<>0, M63<=EDATE(TODAY(),2)),"도래", AND($AK63<>"", M63<>0, M63<=EDATE(TODAY(),3)),"예정", AND($AK63<>"", M63<>0, M63<=EDATE(TODAY(),6)),"관심", TRUE,"" )} | AM63: =DAY(L63) -> 10
B64: =_xlfn.LET(_xlpm.var,◆관리정보!B64,IF(_xlpm.var<>0,_xlpm.var,"")) -> 다존하우스 | C64: =_xlfn.LET(_xlpm.var,◆관리정보!C64,IF(_xlpm.var<>0,_xlpm.var,"")) -> 603 | D64: 송판석 | E64: =_xlfn.CONCAT(B64,C64) -> 다존하우스603 | F64: 46113 | L64: 45992 | M64: 46081 | N64: 720201-1638024 | O64: 010-3936-4879 | P64: 500000 | Q64: 400000 | S64: 120000 | T64: 선불 | AA64: 85로6328 | AB64: 80000 | AC64: 100000 | AE64: 삼일부동산 | AF64: 010-2621-6661 | AI64: 송태학/주차비 5만/전기,가스 청구서를 보내달라고 함(노력은 해보겠다 청구서 안오면 보내 줄 것 ) | AL64: {=_xlfn.IFS( AND($AK64<>"", M64<>0, M64<=EDATE(TODAY(),2)),"도래", AND($AK64<>"", M64<>0, M64<=EDATE(TODAY(),3)),"예정", AND($AK64<>"", M64<>0, M64<=EDATE(TODAY(),6)),"관심", TRUE,"" )} | AM64: =DAY(L64) -> 1
B65: =_xlfn.LET(_xlpm.var,◆관리정보!B65,IF(_xlpm.var<>0,_xlpm.var,"")) -> 다존하우스 | C65: =_xlfn.LET(_xlpm.var,◆관리정보!C65,IF(_xlpm.var<>0,_xlpm.var,"")) -> 605 | D65: 퇴실 | E65: =_xlfn.CONCAT(B65,C65) -> 다존하우스605 | AL65: {=_xlfn.IFS( AND($AK65<>"", M65<>0, M65<=EDATE(TODAY(),2)),"도래", AND($AK65<>"", M65<>0, M65<=EDATE(TODAY(),3)),"예정", AND($AK65<>"", M65<>0, M65<=EDATE(TODAY(),6)),"관심", TRUE,"" )} | AM65: =DAY(L65) -> 0
B66: =_xlfn.LET(_xlpm.var,◆관리정보!B66,IF(_xlpm.var<>0,_xlpm.var,"")) -> 다존하우스 | C66: =_xlfn.LET(_xlpm.var,◆관리정보!C66,IF(_xlpm.var<>0,_xlpm.var,"")) -> 606 | D66: 김혜수 | E66: =_xlfn.CONCAT(B66,C66) -> 다존하우스606 | F66: 46103 | J66: 540140 | L66: 46013 | M66: 46163 | N66: 011112-4703215 | O66: 010-5820-2402 | P66: 500000 | Q66: 400000 | S66: 70000 | T66: 선불 | AA66: 60주5587 | AB66: 80000 | AC66: 100000 | AE66: 한마음부동산 | AF66: 010-8976-5526 | AI66: 부모님: 010-2351-2523 / 1/12 주차비 추가 건물주님 요청 / 2/19 주차 안함 통보 | AL66: {=_xlfn.IFS( AND($AK66<>"", M66<>0, M66<=EDATE(TODAY(),2)),"도래", AND($AK66<>"", M66<>0, M66<=EDATE(TODAY(),3)),"예정", AND($AK66<>"", M66<>0, M66<=EDATE(TODAY(),6)),"관심", TRUE,"" )} | AM66: =DAY(L66) -> 22
B67: =_xlfn.LET(_xlpm.var,◆관리정보!B67,IF(_xlpm.var<>0,_xlpm.var,"")) -> 다존하우스 | C67: =_xlfn.LET(_xlpm.var,◆관리정보!C67,IF(_xlpm.var<>0,_xlpm.var,"")) -> 607 | D67: 오혜린 | E67: =_xlfn.CONCAT(B67,C67) -> 다존하우스607 | F67: 46119 | L67: 45633 | M67: 45722 | N67: 980516-2058711 | O67: 010-5077-0050 | P67: 500000 | Q67: 450000 | S67: 80000 | T67: 선불 | AB67: 100000 | AC67: 100000 | AE67: 한마음부동산 | AF67: 010-6320-8321 | AI67: 에어컨 누수 체크 필요/ 카드키 분실 (10/2) | AL67: {=_xlfn.IFS( AND($AK67<>"", M67<>0, M67<=EDATE(TODAY(),2)),"도래", AND($AK67<>"", M67<>0, M67<=EDATE(TODAY(),3)),"예정", AND($AK67<>"", M67<>0, M67<=EDATE(TODAY(),6)),"관심", TRUE,"" )} | AM67: =DAY(L67) -> 7
B68: =_xlfn.LET(_xlpm.var,◆관리정보!B68,IF(_xlpm.var<>0,_xlpm.var,"")) -> W하우스 | C68: =_xlfn.LET(_xlpm.var,◆관리정보!C68,IF(_xlpm.var<>0,_xlpm.var,"")) -> 1층 | D68: 김상부 | E68: =_xlfn.CONCAT(B68,C68) -> W하우스1층 | F68: 46115 | L68: 45019 | M68: 46845 | N68: 690406-1667819 | O68: 010-5728-1198 | P68: 40000000 | Q68: 4725000 | R68: 선불/부가세별도 | S68: 200000 | T68: 선불 | AA68: 주차 안함 | AE68: 하우스맨 | AK68: 상가/사무실 | AL68: {=_xlfn.IFS( AND($AK68<>"", M68<>0, M68<=EDATE(TODAY(),2)),"도래", AND($AK68<>"", M68<>0, M68<=EDATE(TODAY(),3)),"예정", AND($AK68<>"", M68<>0, M68<=EDATE(TODAY(),6)),"관심", TRUE,"" )} | AM68: =DAY(L68) -> 3
B69: =_xlfn.LET(_xlpm.var,◆관리정보!B69,IF(_xlpm.var<>0,_xlpm.var,"")) -> W하우스 | C69: =_xlfn.LET(_xlpm.var,◆관리정보!C69,IF(_xlpm.var<>0,_xlpm.var,"")) -> 201 | D69: 더시프트 | E69: =_xlfn.CONCAT(B69,C69) -> W하우스201 | F69: 46127 | L69: 45915 | M69: 46644 | N69: 148-81-03593 | O69: 010-3281-0313 | P69: 20000000 | Q69: 2800000 | S69: 200000 | T69: 선불 | AC69: 2475000 | AE69: 하이브메이트부동산 | AF69: 010-2246-4784 | AL69: {=_xlfn.IFS( AND($AK69<>"", M69<>0, M69<=EDATE(TODAY(),2)),"도래", AND($AK69<>"", M69<>0, M69<=EDATE(TODAY(),3)),"예정", AND($AK69<>"", M69<>0, M69<=EDATE(TODAY(),6)),"관심", TRUE,"" )} | AM69: =DAY(L69) -> 15
B70: =_xlfn.LET(_xlpm.var,◆관리정보!B70,IF(_xlpm.var<>0,_xlpm.var,"")) -> W하우스 | C70: =_xlfn.LET(_xlpm.var,◆관리정보!C70,IF(_xlpm.var<>0,_xlpm.var,"")) -> 202 | D70: ㈜흥아인터내셔널 | E70: =_xlfn.CONCAT(B70,C70) -> W하우스202 | F70: 46108 | L70: 44039 | M70: 44768 | N70: 110111-5252145 | O70: 010-9164-8921 | P70: 20000000 | Q70: 1500000 | S70: 200000 | T70: 선불 | AC70: 1000000 | AE70: 투데이부동산 | AF70: 010-3980-0858 | AI70: 010-3573-9393 | AL70: {=_xlfn.IFS( AND($AK70<>"", M70<>0, M70<=EDATE(TODAY(),2)),"도래", AND($AK70<>"", M70<>0, M70<=EDATE(TODAY(),3)),"예정", AND($AK70<>"", M70<>0, M70<=EDATE(TODAY(),6)),"관심", TRUE,"" )} | AM70: =DAY(L70) -> 27
B71: =_xlfn.LET(_xlpm.var,◆관리정보!B71,IF(_xlpm.var<>0,_xlpm.var,"")) -> W하우스 | C71: =_xlfn.LET(_xlpm.var,◆관리정보!C71,IF(_xlpm.var<>0,_xlpm.var,"")) -> 301 | D71: 고한욱 | E71: =_xlfn.CONCAT(B71,C71) -> W하우스301 | F71: 46103 | I71: 1300000 | J71: 377150 | L71: 45983 | M71: 46074 | N71: 931004-1235228 | O71: 010-7312-9919 | P71: 1300000 | Q71: 1300000 | S71: 80000 | T71: 선불 | U71: 25000 | V71: 선불 | W71: 25000 | X71: 선불 | AB71: 180000 | AC71: 150000 | AE71: m부동산 | AF71: 010-2255-5036 | AL71: {=_xlfn.IFS( AND($AK71<>"", M71<>0, M71<=EDATE(TODAY(),2)),"도래", AND($AK71<>"", M71<>0, M71<=EDATE(TODAY(),3)),"예정", AND($AK71<>"", M71<>0, M71<=EDATE(TODAY(),6)),"관심", TRUE,"" )} | AM71: =DAY(L71) -> 22
B72: =_xlfn.LET(_xlpm.var,◆관리정보!B72,IF(_xlpm.var<>0,_xlpm.var,"")) -> W하우스 | C72: =_xlfn.LET(_xlpm.var,◆관리정보!C72,IF(_xlpm.var<>0,_xlpm.var,"")) -> 302 | D72: 권소정 | E72: =_xlfn.CONCAT(B72,C72) -> W하우스302 | F72: 46071 | G72: 600000 | H72: 266500 | I72: 1300000 | J72: 249170 | K72: 65000 | L72: 45948 | M72: 46039 | N72: 010410-4908816 | O72: 010-4581-5967 | P72: 1300000 | Q72: 1300000 | S72: 80000 | T72: 선불 | U72: 25000 | V72: 선불 | W72: 25000 | X72: 선불 | AB72: 180000 | AC72: 150000 | AE72: 이안부동산 | AF72: 010-3925-7133 | AI72: 1/21 개키움(대표님) / 퇴실 정산시 테이블 유리 파손 - 12만원 청구 | AL72: {=_xlfn.IFS( AND($AK72<>"", M72<>0, M72<=EDATE(TODAY(),2)),"도래", AND($AK72<>"", M72<>0, M72<=EDATE(TODAY(),3)),"예정", AND($AK72<>"", M72<>0, M72<=EDATE(TODAY(),6)),"관심", TRUE,"" )} | AM72: =DAY(L72) -> 18
B73: =_xlfn.LET(_xlpm.var,◆관리정보!B73,IF(_xlpm.var<>0,_xlpm.var,"")) -> W하우스 | C73: =_xlfn.LET(_xlpm.var,◆관리정보!C73,IF(_xlpm.var<>0,_xlpm.var,"")) -> 303 | D73: 선하린 | E73: =_xlfn.CONCAT(B73,C73) -> W하우스303 | F73: 46101 | I73: 1350000 | J73: 202200 | L73: 45920 | M73: 46010 | N73: 041003-4207510 | O73: 010-7513-5193 | P73: 1350000 | Q73: 1350000 | S73: 80000 | T73: 선불 | U73: 25000 | V73: 선불 | W73: 25000 | X73: 선불 | AB73: 180000 | AC73: 150000 | AE73: 이안부동산 | AF73: 010-3925-7133 | AI73: 만기 퇴실 안내 완료, 호실 나오면 연락 달라함 | AL73: {=_xlfn.IFS( AND($AK73<>"", M73<>0, M73<=EDATE(TODAY(),2)),"도래", AND($AK73<>"", M73<>0, M73<=EDATE(TODAY(),3)),"예정", AND($AK73<>"", M73<>0, M73<=EDATE(TODAY(),6)),"관심", TRUE,"" )} | AM73: =DAY(L73) -> 20
B74: =_xlfn.LET(_xlpm.var,◆관리정보!B74,IF(_xlpm.var<>0,_xlpm.var,"")) -> W하우스 | C74: =_xlfn.LET(_xlpm.var,◆관리정보!C74,IF(_xlpm.var<>0,_xlpm.var,"")) -> 304 | D74: 임주영 | E74: =_xlfn.CONCAT(B74,C74) -> W하우스304 | F74: 46122 | L74: 46032 | M74: 46121 | N74: 890228-2496641 | O74: 010-2704-3743 | P74: 1300000 | Q74: 1300000 | S74: 80000 | T74: 선불 | U74: 25000 | V74: 선불 | W74: 25000 | X74: 선불 | AB74: 180000 | AC74: 150000 | AE74: 강남푸른부동산 | AF74: 010-6716-0207 | AI74: 010-2226-6106 | AL74: {=_xlfn.IFS( AND($AK74<>"", M74<>0, M74<=EDATE(TODAY(),2)),"도래", AND($AK74<>"", M74<>0, M74<=EDATE(TODAY(),3)),"예정", AND($AK74<>"", M74<>0, M74<=EDATE(TODAY(),6)),"관심", TRUE,"" )} | AM74: =DAY(L74) -> 10
B75: =_xlfn.LET(_xlpm.var,◆관리정보!B75,IF(_xlpm.var<>0,_xlpm.var,"")) -> W하우스 | C75: =_xlfn.LET(_xlpm.var,◆관리정보!C75,IF(_xlpm.var<>0,_xlpm.var,"")) -> 305 | D75: 김현정 | E75: =_xlfn.CONCAT(B75,C75) -> W하우스305 | F75: 46114 | L75: 45902 | M75: 45992 | N75: 931105-2535316 | O75: 010-3012-0418 | P75: 1350000 | Q75: 1350000 | S75: 80000 | T75: 선불 | U75: 25000 | V75: 선불 | W75: 25000 | X75: 선불 | AB75: 180000 | AC75: 150000 | AE75: 정담은부동산 | AF75: 010-9995-7171 | AI75: 4/1 퇴실 | AL75: {=_xlfn.IFS( AND($AK75<>"", M75<>0, M75<=EDATE(TODAY(),2)),"도래", AND($AK75<>"", M75<>0, M75<=EDATE(TODAY(),3)),"예정", AND($AK75<>"", M75<>0, M75<=EDATE(TODAY(),6)),"관심", TRUE,"" )} | AM75: =DAY(L75) -> 2
B76: =_xlfn.LET(_xlpm.var,◆관리정보!B76,IF(_xlpm.var<>0,_xlpm.var,"")) -> W하우스 | C76: =_xlfn.LET(_xlpm.var,◆관리정보!C76,IF(_xlpm.var<>0,_xlpm.var,"")) -> 401 | D76: 손인애 | E76: =_xlfn.CONCAT(B76,C76) -> W하우스401 | F76: 46113 | L76: 45413 | M76: 45504 | N76: 871210-2785410 | O76: 010-9014-0144 | P76: 2250000 | Q76: 2250000 | S76: 150000 | T76: 선불 | U76: 25000 | V76: 선불 | W76: 25000 | X76: 선불 | AA76: 69어0827 | AB76: 250000 | AC76: 250000 | AE76: 엘부동산 | AF76: 010-5655-6464 | AI76: 5/8 고양이 1마리 키움 (나과장) | AL76: {=_xlfn.IFS( AND($AK76<>"", M76<>0, M76<=EDATE(TODAY(),2)),"도래", AND($AK76<>"", M76<>0, M76<=EDATE(TODAY(),3)),"예정", AND($AK76<>"", M76<>0, M76<=EDATE(TODAY(),6)),"관심", TRUE,"" )} | AM76: =DAY(L76) -> 1
B77: =_xlfn.LET(_xlpm.var,◆관리정보!B77,IF(_xlpm.var<>0,_xlpm.var,"")) -> W하우스 | C77: =_xlfn.LET(_xlpm.var,◆관리정보!C77,IF(_xlpm.var<>0,_xlpm.var,"")) -> 402 | D77: 문미연 | E77: =_xlfn.CONCAT(B77,C77) -> W하우스402 | F77: 46107 | L77: 44891 | M77: 44982 | N77: 880311-2229613 | O77: 010-4321-7272 | P77: 2100000 | Q77: 2100000 | S77: 150000 | T77: 선불 | U77: 25000 | V77: 선불 | W77: 25000 | X77: 선불 | AB77: 200000 | AC77: 250000 | AE77: 정담은부동산 | AF77: 010-9300-0034 | AL77: {=_xlfn.IFS( AND($AK77<>"", M77<>0, M77<=EDATE(TODAY(),2)),"도래", AND($AK77<>"", M77<>0, M77<=EDATE(TODAY(),3)),"예정", AND($AK77<>"", M77<>0, M77<=EDATE(TODAY(),6)),"관심", TRUE,"" )} | AM77: =DAY(L77) -> 26
B78: =_xlfn.LET(_xlpm.var,◆관리정보!B78,IF(_xlpm.var<>0,_xlpm.var,"")) -> W하우스 | C78: =_xlfn.LET(_xlpm.var,◆관리정보!C78,IF(_xlpm.var<>0,_xlpm.var,"")) -> 403 | D78: 이서연 | E78: =_xlfn.CONCAT(B78,C78) -> W하우스403 | F78: 46123 | L78: 46064 | M78: 46152 | N78: 030715-4167930 | O78: 010-3252-2599 | P78: 2300000 | Q78: 2300000 | S78: 150000 | T78: 선불 | U78: 30000 | V78: 선불 | W78: 25000 | X78: 선불 | AB78: 250000 | AC78: 250000 | AE78: 이안부동산 | AF78: 010-3925-7133 | AI78: 3/4 침대교체비용23만원 입금 (퇴실 후 처리) | AL78: {=_xlfn.IFS( AND($AK78<>"", M78<>0, M78<=EDATE(TODAY(),2)),"도래", AND($AK78<>"", M78<>0, M78<=EDATE(TODAY(),3)),"예정", AND($AK78<>"", M78<>0, M78<=EDATE(TODAY(),6)),"관심", TRUE,"" )} | AM78: =DAY(L78) -> 11
B79: =_xlfn.LET(_xlpm.var,◆관리정보!B79,IF(_xlpm.var<>0,_xlpm.var,"")) -> W하우스 | C79: =_xlfn.LET(_xlpm.var,◆관리정보!C79,IF(_xlpm.var<>0,_xlpm.var,"")) -> 501 | D79: 지승훈 | E79: =_xlfn.CONCAT(B79,C79) -> W하우스501 | F79: 46109 | L79: 45501 | M79: 45592 | N79: 851130-1124419 | O79: 010-8299-1708 | P79: 1200000 | Q79: 1150000 | S79: 100000 | T79: 선불 | U79: 25000 | V79: 선불 | W79: 25000 | X79: 선불 | AB79: 150000 | AC79: 150000 | AE79: 투유부동산 | AF79: 010-8959-0582 | AL79: {=_xlfn.IFS( AND($AK79<>"", M79<>0, M79<=EDATE(TODAY(),2)),"도래", AND($AK79<>"", M79<>0, M79<=EDATE(TODAY(),3)),"예정", AND($AK79<>"", M79<>0, M79<=EDATE(TODAY(),6)),"관심", TRUE,"" )} | AM79: =DAY(L79) -> 28
B80: =_xlfn.LET(_xlpm.var,◆관리정보!B80,IF(_xlpm.var<>0,_xlpm.var,"")) -> W하우스 | C80: =_xlfn.LET(_xlpm.var,◆관리정보!C80,IF(_xlpm.var<>0,_xlpm.var,"")) -> 502 | D80: 정윤혜 | E80: =_xlfn.CONCAT(B80,C80) -> W하우스502 | F80: 46119 | L80: 45815 | M80: 45906 | N80: 020421-4233219 | O80: 010-4538-2772 | P80: 2250000 | Q80: 2250000 | S80: 150000 | T80: 선불 | U80: 30000 | V80: 선불 | W80: 25000 | X80: 선불 | AB80: 250000 | AC80: 250000 | AE80: 퍼스트부동산 | AF80: 010-6613-6415 | AL80: {=_xlfn.IFS( AND($AK80<>"", M80<>0, M80<=EDATE(TODAY(),2)),"도래", AND($AK80<>"", M80<>0, M80<=EDATE(TODAY(),3)),"예정", AND($AK80<>"", M80<>0, M80<=EDATE(TODAY(),6)),"관심", TRUE,"" )} | AM80: =DAY(L80) -> 7
B81: =_xlfn.LET(_xlpm.var,◆관리정보!B81,IF(_xlpm.var<>0,_xlpm.var,"")) -> W하우스 | C81: =_xlfn.LET(_xlpm.var,◆관리정보!C81,IF(_xlpm.var<>0,_xlpm.var,"")) -> 503 | D81: 김현우 | E81: =_xlfn.CONCAT(B81,C81) -> W하우스503 | F81: 46096 | I81: 2310000 | J81: 505960 | K81: 115500 | L81: 44545 | M81: 44634 | N81: 840907-1057116 | O81: 010-4147-4842 | P81: 2200000 | Q81: 2310000 | S81: 150000 | T81: 선불 | U81: 25000 | V81: 선불 | W81: 25000 | X81: 선불 | AA81: 48모4001 | AB81: 200000 | AC81: 250000 | AE81: 우리동네부동산 | AF81: 010-2074-6515 | AI81: 12/15 월세만 11만원 인상 / 퇴실후 베란다 실리콘 보수 (검은색), 싱크대 및 에이콘 찍힌 부분 보수 필수 | AL81: {=_xlfn.IFS( AND($AK81<>"", M81<>0, M81<=EDATE(TODAY(),2)),"도래", AND($AK81<>"", M81<>0, M81<=EDATE(TODAY(),3)),"예정", AND($AK81<>"", M81<>0, M81<=EDATE(TODAY(),6)),"관심", TRUE,"" )} | AM81: =DAY(L81) -> 15
B82: =_xlfn.LET(_xlpm.var,◆관리정보!B82,IF(_xlpm.var<>0,_xlpm.var,"")) -> W하우스 | C82: =_xlfn.LET(_xlpm.var,◆관리정보!C82,IF(_xlpm.var<>0,_xlpm.var,"")) -> 601 | D82: 서은기 | E82: =_xlfn.CONCAT(B82,C82) -> W하우스601 | F82: 46110 | L82: 46051 | M82: 46140 | N82: 940316-2162626 | O82: 010-2663-3144 | P82: 1950000 | Q82: 1950000 | S82: 150000 | T82: 선불 | U82: 30000 | V82: 선불 | W82: 25000 | X82: 선불 | AA82: 280서6689 | AB82: 250000 | AC82: 200000 | AE82: 신라부동산 | AF82: 010-3863-2392 | AI82: 전자레인지 빼줌(1/24) | AL82: {=_xlfn.IFS( AND($AK82<>"", M82<>0, M82<=EDATE(TODAY(),2)),"도래", AND($AK82<>"", M82<>0, M82<=EDATE(TODAY(),3)),"예정", AND($AK82<>"", M82<>0, M82<=EDATE(TODAY(),6)),"관심", TRUE,"" )} | AM82: =DAY(L82) -> 29
B83: =_xlfn.LET(_xlpm.var,◆관리정보!B83,IF(_xlpm.var<>0,_xlpm.var,"")) -> W하우스 | C83: =_xlfn.LET(_xlpm.var,◆관리정보!C83,IF(_xlpm.var<>0,_xlpm.var,"")) -> 602 | D83: 유태정 | E83: =_xlfn.CONCAT(B83,C83) -> W하우스602 | F83: 46113 | L83: 45108 | M83: 45199 | N83: 920226-1037014 | O83: 010-3153-8492 | P83: 1600000 | Q83: 1600000 | S83: 150000 | T83: 선불 | U83: 25000 | V83: 선불 | W83: 25000 | X83: 선불 | AA83: 14두2349 | AB83: 200000 | AE83: 하우스맨 | AI83: 7/1입주 8/23 603->602호이동 (웨인스콧칠, 바닥안함) | AL83: {=_xlfn.IFS( AND($AK83<>"", M83<>0, M83<=EDATE(TODAY(),2)),"도래", AND($AK83<>"", M83<>0, M83<=EDATE(TODAY(),3)),"예정", AND($AK83<>"", M83<>0, M83<=EDATE(TODAY(),6)),"관심", TRUE,"" )} | AM83: =DAY(L83) -> 1
B84: =_xlfn.LET(_xlpm.var,◆관리정보!B84,IF(_xlpm.var<>0,_xlpm.var,"")) -> W하우스 | C84: =_xlfn.LET(_xlpm.var,◆관리정보!C84,IF(_xlpm.var<>0,_xlpm.var,"")) -> 603 | D84: 김지아 | E84: =_xlfn.CONCAT(B84,C84) -> W하우스603 | F84: 46125 | L84: 46004 | M84: 46093 | N84: 971127-2904429 | O84: 010-6243-3553 | P84: 1550000 | Q84: 1550000 | S84: 150000 | T84: 선불 | U84: 25000 | V84: 선불 | W84: 25000 | X84: 선불 | AB84: 200000 | AC84: 200000 | AE84: 리안부동산 | AF84: 010-6354-0314 | AL84: {=_xlfn.IFS( AND($AK84<>"", M84<>0, M84<=EDATE(TODAY(),2)),"도래", AND($AK84<>"", M84<>0, M84<=EDATE(TODAY(),3)),"예정", AND($AK84<>"", M84<>0, M84<=EDATE(TODAY(),6)),"관심", TRUE,"" )} | AM84: =DAY(L84) -> 13
B85: =_xlfn.LET(_xlpm.var,◆관리정보!B85,IF(_xlpm.var<>0,_xlpm.var,"")) -> W하우스 | C85: =_xlfn.LET(_xlpm.var,◆관리정보!C85,IF(_xlpm.var<>0,_xlpm.var,"")) -> 7층 | D85: 김호영 | E85: =_xlfn.CONCAT(B85,C85) -> W하우스7층 | F85: 46126 | L85: 46005 | M85: 46094 | N85: 890831-1246923 | O85: 010-4069-3280 | P85: 800000 | Q85: 800000 | S85: 80000 | T85: 선불 | U85: 25000 | V85: 선불 | W85: 25000 | X85: 선불 | AB85: 180000 | AC85: 150000 | AE85: 메이드부동산 | AF85: 010-2560-2469 | AL85: {=_xlfn.IFS( AND($AK85<>"", M85<>0, M85<=EDATE(TODAY(),2)),"도래", AND($AK85<>"", M85<>0, M85<=EDATE(TODAY(),3)),"예정", AND($AK85<>"", M85<>0, M85<=EDATE(TODAY(),6)),"관심", TRUE,"" )} | AM85: =DAY(L85) -> 14
B86: =_xlfn.LET(_xlpm.var,◆관리정보!B86,IF(_xlpm.var<>0,_xlpm.var,"")) -> 포유빌 | C86: =_xlfn.LET(_xlpm.var,◆관리정보!C86,IF(_xlpm.var<>0,_xlpm.var,"")) -> 창고 | D86: 박용호 | E86: =_xlfn.CONCAT(B86,C86) -> 포유빌창고 | F86: 46106 | J86: 150000 | L86: 44982 | M86: 45346 | N86: 810723-1403511 | O86: 010-4833-7873 | P86: 500000 | Q86: 120000 | S86: 30000 | T86: 선불 | AC86: 150000 | AE86: 가온종합부동산 | AF86: 010-8343-2338 | AL86: {=_xlfn.IFS( AND($AK86<>"", M86<>0, M86<=EDATE(TODAY(),2)),"도래", AND($AK86<>"", M86<>0, M86<=EDATE(TODAY(),3)),"예정", AND($AK86<>"", M86<>0, M86<=EDATE(TODAY(),6)),"관심", TRUE,"" )} | AM86: =DAY(L86) -> 25
B87: =_xlfn.LET(_xlpm.var,◆관리정보!B87,IF(_xlpm.var<>0,_xlpm.var,"")) -> 포유빌 | C87: =_xlfn.LET(_xlpm.var,◆관리정보!C87,IF(_xlpm.var<>0,_xlpm.var,"")) -> 101 | D87: NGUYEN THI TUONG VY | E87: =_xlfn.CONCAT(B87,C87) -> 포유빌101 | F87: 46123 | J87: =1115560-1000000-115560 -> 0 | L87: 44176 | M87: 44357 | N87: 890130-6780049 | O87: 010-2996-4389 | P87: 800000 | Q87: 800000 | S87: 80000 | T87: 선불 | U87: 15000 | V87: 선불 | W87: 25000 | X87: 선불 | AB87: 100000 | AC87: 200000 | AD87: 50000 | AE87: 우리동네부동산 | AF87: 010-8484-6837 | AI87: 욕실 문 직접 교체 (색상만 호실에 맞게 진행 요청) | AL87: {=_xlfn.IFS( AND($AK87<>"", M87<>0, M87<=EDATE(TODAY(),2)),"도래", AND($AK87<>"", M87<>0, M87<=EDATE(TODAY(),3)),"예정", AND($AK87<>"", M87<>0, M87<=EDATE(TODAY(),6)),"관심", TRUE,"" )} | AM87: =DAY(L87) -> 11
B88: =_xlfn.LET(_xlpm.var,◆관리정보!B88,IF(_xlpm.var<>0,_xlpm.var,"")) -> 포유빌 | C88: =_xlfn.LET(_xlpm.var,◆관리정보!C88,IF(_xlpm.var<>0,_xlpm.var,"")) -> 201 | D88: 윤정호 | E88: =_xlfn.CONCAT(B88,C88) -> 포유빌201 | F88: 46110 | L88: 46051 | M88: 46140 | N88: 950607-1188012 | O88: 010-8211-5861 | P88: 1200000 | Q88: 1150000 | S88: 80000 | T88: 선불 | U88: 25000 | V88: 선불 | W88: 25000 | X88: 선불 | AB88: 180000 | AC88: 165000 | AE88: 퍼스트부동산 | AF88: 010-5667-4000 | AI88: 도배 완료 | AL88: {=_xlfn.IFS( AND($AK88<>"", M88<>0, M88<=EDATE(TODAY(),2)),"도래", AND($AK88<>"", M88<>0, M88<=EDATE(TODAY(),3)),"예정", AND($AK88<>"", M88<>0, M88<=EDATE(TODAY(),6)),"관심", TRUE,"" )} | AM88: =DAY(L88) -> 29
B89: =_xlfn.LET(_xlpm.var,◆관리정보!B89,IF(_xlpm.var<>0,_xlpm.var,"")) -> 포유빌 | C89: =_xlfn.LET(_xlpm.var,◆관리정보!C89,IF(_xlpm.var<>0,_xlpm.var,"")) -> 202 | D89: 이용범 | E89: =_xlfn.CONCAT(B89,C89) -> 포유빌202 | F89: 46125 | L89: 45913 | M89: 46003 | N89: 751225-1452714 | O89: 010-5543-4235 | P89: 1100000 | Q89: 1100000 | S89: 80000 | T89: 선불 | U89: 25000 | V89: 선불 | W89: 25000 | X89: 선불 | AB89: 180000 | AC89: 165000 | AE89: 프렌즈부동산 | AF89: 010-9836-6822 | AL89: {=_xlfn.IFS( AND($AK89<>"", M89<>0, M89<=EDATE(TODAY(),2)),"도래", AND($AK89<>"", M89<>0, M89<=EDATE(TODAY(),3)),"예정", AND($AK89<>"", M89<>0, M89<=EDATE(TODAY(),6)),"관심", TRUE,"" )} | AM89: =DAY(L89) -> 13
B90: =_xlfn.LET(_xlpm.var,◆관리정보!B90,IF(_xlpm.var<>0,_xlpm.var,"")) -> 포유빌 | C90: =_xlfn.LET(_xlpm.var,◆관리정보!C90,IF(_xlpm.var<>0,_xlpm.var,"")) -> 301 | D90: 안지원 | E90: =_xlfn.CONCAT(B90,C90) -> 포유빌301 | F90: 46107 | L90: 45742 | M90: 45833 | N90: 870227-2187417 | O90: 010-4103-9941 | P90: 1300000 | Q90: 1300000 | S90: 80000 | T90: 선불 | U90: 25000 | V90: 선불 | W90: 25000 | X90: 선불 | AA90: 62다6469 | AB90: 180000 | AC90: 165000 | AE90: 하이앤드부동산 | AF90: 010-8192-8787 | AI90: 전입신고 | AL90: {=_xlfn.IFS( AND($AK90<>"", M90<>0, M90<=EDATE(TODAY(),2)),"도래", AND($AK90<>"", M90<>0, M90<=EDATE(TODAY(),3)),"예정", AND($AK90<>"", M90<>0, M90<=EDATE(TODAY(),6)),"관심", TRUE,"" )} | AM90: =DAY(L90) -> 26
B91: =_xlfn.LET(_xlpm.var,◆관리정보!B91,IF(_xlpm.var<>0,_xlpm.var,"")) -> 포유빌 | C91: =_xlfn.LET(_xlpm.var,◆관리정보!C91,IF(_xlpm.var<>0,_xlpm.var,"")) -> 302 | D91: 박광성 | E91: =_xlfn.CONCAT(B91,C91) -> 포유빌302 | F91: 46101 | J91: 1946230 | L91: 44854 | M91: 44945 | N91: 940826-1870317 | O91: 010-3807-1470 | P91: 1600000 | Q91: 1600000 | S91: 80000 | T91: 선불 | U91: 20000 | V91: 선불 | W91: 25000 | X91: 선불 | AB91: 150000 | AC91: 220000 | AE91: 정담은부동산 | AF91: 010-9995-7171 | AI91: 곽민준 / 6/23 개키움 나과장 / 전입신고 함 | AL91: {=_xlfn.IFS( AND($AK91<>"", M91<>0, M91<=EDATE(TODAY(),2)),"도래", AND($AK91<>"", M91<>0, M91<=EDATE(TODAY(),3)),"예정", AND($AK91<>"", M91<>0, M91<=EDATE(TODAY(),6)),"관심", TRUE,"" )} | AM91: =DAY(L91) -> 20
B92: =_xlfn.LET(_xlpm.var,◆관리정보!B92,IF(_xlpm.var<>0,_xlpm.var,"")) -> 포유빌 | C92: =_xlfn.LET(_xlpm.var,◆관리정보!C92,IF(_xlpm.var<>0,_xlpm.var,"")) -> 401 | D92: 맹정연 | E92: =_xlfn.CONCAT(B92,C92) -> 포유빌401 | F92: 46116 | L92: 44259 | M92: 44350 | N92: 770119-2406216 | O92: 010-5196-3380 | P92: 900000 | Q92: 900000 | S92: 80000 | T92: 선불 | U92: 15000 | V92: 선불 | W92: 25000 | X92: 선불 | AB92: 100000 | AC92: 150000 | AE92: 정담은부동산 | AF92: 010-8632-0299 | AL92: {=_xlfn.IFS( AND($AK92<>"", M92<>0, M92<=EDATE(TODAY(),2)),"도래", AND($AK92<>"", M92<>0, M92<=EDATE(TODAY(),3)),"예정", AND($AK92<>"", M92<>0, M92<=EDATE(TODAY(),6)),"관심", TRUE,"" )} | AM92: =DAY(L92) -> 4
B93: =_xlfn.LET(_xlpm.var,◆관리정보!B93,IF(_xlpm.var<>0,_xlpm.var,"")) -> 포유빌 | C93: =_xlfn.LET(_xlpm.var,◆관리정보!C93,IF(_xlpm.var<>0,_xlpm.var,"")) -> 402 | D93: 신동윤 | E93: =_xlfn.CONCAT(B93,C93) -> 포유빌402 | F93: 46131 | L93: 44062 | M93: 44153 | N93: 791009-1017735 | O93: 010-8813-2929 | P93: 950000 | Q93: 950000 | S93: 70000 | T93: 선불 | U93: 15000 | V93: 선불 | W93: 25000 | X93: 선불 | AA93: 11조5786 | AB93: 100000 | AC93: 150000 | AD93: 50000 | AE93: 정담은부동산 | AF93: 010-7516-0345 | AL93: {=_xlfn.IFS( AND($AK93<>"", M93<>0, M93<=EDATE(TODAY(),2)),"도래", AND($AK93<>"", M93<>0, M93<=EDATE(TODAY(),3)),"예정", AND($AK93<>"", M93<>0, M93<=EDATE(TODAY(),6)),"관심", TRUE,"" )} | AM93: =DAY(L93) -> 19
B94: =_xlfn.LET(_xlpm.var,◆관리정보!B94,IF(_xlpm.var<>0,_xlpm.var,"")) -> 포유빌 | C94: =_xlfn.LET(_xlpm.var,◆관리정보!C94,IF(_xlpm.var<>0,_xlpm.var,"")) -> 403 | D94: 정다정 | E94: =_xlfn.CONCAT(B94,C94) -> 포유빌403 | F94: 46101 | J94: 1430170 | L94: 44124 | M94: 44215 | N94: 890311-2059312 | O94: 010-5561-5091 | P94: 1100000 | Q94: 1100000 | S94: 80000 | T94: 선불 | U94: 15000 | V94: 선불 | W94: 25000 | X94: 선불 | AB94: 150000 | AC94: 150000 | AD94: 50000 | AE94: 우리동네부동산 | AF94: 010-4454-3999 | AL94: {=_xlfn.IFS( AND($AK94<>"", M94<>0, M94<=EDATE(TODAY(),2)),"도래", AND($AK94<>"", M94<>0, M94<=EDATE(TODAY(),3)),"예정", AND($AK94<>"", M94<>0, M94<=EDATE(TODAY(),6)),"관심", TRUE,"" )} | AM94: =DAY(L94) -> 20
B95: =_xlfn.LET(_xlpm.var,◆관리정보!B95,IF(_xlpm.var<>0,_xlpm.var,"")) -> 포유빌 | C95: =_xlfn.LET(_xlpm.var,◆관리정보!C95,IF(_xlpm.var<>0,_xlpm.var,"")) -> 501 | D95: 김태형 | E95: =_xlfn.CONCAT(B95,C95) -> 포유빌501 | F95: 46119 | L95: 45845 | M95: 45936 | N95: 790907-1151224 | O95: 010-9032-2201 | P95: 1250000 | Q95: 1250000 | S95: 80000 | T95: 선불 | U95: 25000 | V95: 선불 | W95: 25000 | X95: 선불 | AB95: 180000 | AC95: 165000 | AE95: 강남그린부동산 | AF95: 010-6716-0207 | AI95: 010-3398-4999/010-4015-4999 | AL95: {=_xlfn.IFS( AND($AK95<>"", M95<>0, M95<=EDATE(TODAY(),2)),"도래", AND($AK95<>"", M95<>0, M95<=EDATE(TODAY(),3)),"예정", AND($AK95<>"", M95<>0, M95<=EDATE(TODAY(),6)),"관심", TRUE,"" )} | AM95: =DAY(L95) -> 7
B96: =_xlfn.LET(_xlpm.var,◆관리정보!B96,IF(_xlpm.var<>0,_xlpm.var,"")) -> 미래홈 | C96: =_xlfn.LET(_xlpm.var,◆관리정보!C96,IF(_xlpm.var<>0,_xlpm.var,"")) -> 101 | D96: 권순용 | E96: =_xlfn.CONCAT(B96,C96) -> 미래홈101 | F96: 46122 | L96: 45879 | M96: 46062 | N96: 000722-3474514 | O96: 010-2766-8358 | P96: 500000 | Q96: 300000 | S96: 70000 | T96: 선불 | AB96: 80000 | AC96: 165000 | AE96: 가보부동산 | AF96: 010-2408-5228 | AI96: 전입신고(10/15): 전출 확인 후 퇴실정산 안내 | AL96: {=_xlfn.IFS( AND($AK96<>"", M96<>0, M96<=EDATE(TODAY(),2)),"도래", AND($AK96<>"", M96<>0, M96<=EDATE(TODAY(),3)),"예정", AND($AK96<>"", M96<>0, M96<=EDATE(TODAY(),6)),"관심", TRUE,"" )} | AM96: =DAY(L96) -> 10
B97: =_xlfn.LET(_xlpm.var,◆관리정보!B97,IF(_xlpm.var<>0,_xlpm.var,"")) -> 미래홈 | C97: =_xlfn.LET(_xlpm.var,◆관리정보!C97,IF(_xlpm.var<>0,_xlpm.var,"")) -> 102 | D97: 미노출 | E97: =_xlfn.CONCAT(B97,C97) -> 미래홈102 | AL97: {=_xlfn.IFS( AND($AK97<>"", M97<>0, M97<=EDATE(TODAY(),2)),"도래", AND($AK97<>"", M97<>0, M97<=EDATE(TODAY(),3)),"예정", AND($AK97<>"", M97<>0, M97<=EDATE(TODAY(),6)),"관심", TRUE,"" )} | AM97: =DAY(L97) -> 0
B98: =_xlfn.LET(_xlpm.var,◆관리정보!B98,IF(_xlpm.var<>0,_xlpm.var,"")) -> 미래홈 | C98: =_xlfn.LET(_xlpm.var,◆관리정보!C98,IF(_xlpm.var<>0,_xlpm.var,"")) -> 103 | D98: 윤소망 | E98: =_xlfn.CONCAT(B98,C98) -> 미래홈103 | F98: 46107 | L98: 46079 | M98: 46167 | N98: 800215-2647928 | O98: 010-3090-0214 | P98: 500000 | Q98: 350000 | S98: 70000 | T98: 선불 | AB98: 100000 | AC98: 100000 | AE98: 하이부동산 | AF98: 010-8377-6249 | AL98: {=_xlfn.IFS( AND($AK98<>"", M98<>0, M98<=EDATE(TODAY(),2)),"도래", AND($AK98<>"", M98<>0, M98<=EDATE(TODAY(),3)),"예정", AND($AK98<>"", M98<>0, M98<=EDATE(TODAY(),6)),"관심", TRUE,"" )} | AM98: =DAY(L98) -> 26
B99: =_xlfn.LET(_xlpm.var,◆관리정보!B99,IF(_xlpm.var<>0,_xlpm.var,"")) -> 미래홈 | C99: =_xlfn.LET(_xlpm.var,◆관리정보!C99,IF(_xlpm.var<>0,_xlpm.var,"")) -> 104 | D99: 김혜순 | E99: =_xlfn.CONCAT(B99,C99) -> 미래홈104 | F99: 46081 | J99: =499700-150000-150000 -> 199700 | L99: 44469 | M99: 44649 | N99: 400316-2840911 | O99: 010-5299-5889 | P99: 500000 | Q99: 330000 | S99: 50000 | T99: 선불 | AB99: 70000 | AC99: 150000 | AD99: 50000 | AE99: 다인부동산 | AF99: 010-2076-8205 | AL99: {=_xlfn.IFS( AND($AK99<>"", M99<>0, M99<=EDATE(TODAY(),2)),"도래", AND($AK99<>"", M99<>0, M99<=EDATE(TODAY(),3)),"예정", AND($AK99<>"", M99<>0, M99<=EDATE(TODAY(),6)),"관심", TRUE,"" )} | AM99: =DAY(L99) -> 30
B100: =_xlfn.LET(_xlpm.var,◆관리정보!B100,IF(_xlpm.var<>0,_xlpm.var,"")) -> 미래홈 | C100: =_xlfn.LET(_xlpm.var,◆관리정보!C100,IF(_xlpm.var<>0,_xlpm.var,"")) -> 105 | D100: 최혜라 | E100: =_xlfn.CONCAT(B100,C100) -> 미래홈105 | F100: 46093 | J100: =607850-300000 -> 307850 | K100: 10000 | L100: 44086 | M100: 44176 | N100: 730511-2462519 | O100: 010-2707-9965 | P100: 500000 | Q100: 380000 | S100: 60000 | T100: 선불 | AB100: 70000 | AC100: 100000 | AD100: 100000 | AE100: 열린부동산 | AF100: 010-8221-6842 | AL100: {=_xlfn.IFS( AND($AK100<>"", M100<>0, M100<=EDATE(TODAY(),2)),"도래", AND($AK100<>"", M100<>0, M100<=EDATE(TODAY(),3)),"예정", AND($AK100<>"", M100<>0, M100<=EDATE(TODAY(),6)),"관심", TRUE,"" )} | AM100: =DAY(L100) -> 12
...

Sheet □공실현황
A1: □ 공실현황 | G1: =TODAY() -> 46099 | Q1: 호실비밀번호 | R1: 5500
G2: 단기 | H2: 근생 | I2: 일반 | J2: 미노출 | K2: 공실 | L2: =COUNTA(C6:C50) -> 22 | Q2: 다존하우스 | R2: 9216 | T2: ■ 기초 값
G3: =COUNTIF($N$6:$N$50,G2) -> 10 | H3: =COUNTIF($N$6:$N$50,"상가") -> 5 | I3: =COUNTIF($N$6:$N$50,I2) -> 6 | J3: =COUNTA($O$6:$O$50) -> 8 | Q3: 옥당빌라 | R3: 1235
A4: 중개수수료 | C4: 건물명 | D4: 호수 | E4: 현관비번 | F4: 예치금 | G4: 월세 | H4: NEGO | I4: 관리비 | J4: 수도 | K4: 케이블 | L4: 퇴실비 | M4: 공실 | O4: ="미노출 (" & COUNTA(O6:O50) & ")" -> 미노출 (8) | Q4: 현관 비밀번호 | T4: 중개수수료 | V4: 건물명 | W4: 예치금 | X4: 월세 | Y4: NEGO | Z4: 관리비 | AA4: 수도 | AB4: 케이블 | AC4: 퇴실청소비 | AD4: 룸 형태
A5: 추가 | B5: 기본 | M5: 기간 | T5: 추가 | U5: 기본
A6: =IF($C6="","",_xlfn.XLOOKUP(_xlfn.CONCAT($C6,$D6),$V:$V,T:T,"",0)) | B6: =IF($C6="","",_xlfn.XLOOKUP(_xlfn.CONCAT($C6,$D6),$V:$V,U:U,"",0)) -> 10 | C6: {=_xlfn._xlws.FILTER(■입주정보!B4:B1000,(■입주정보!$D4:$D1000="퇴실") + (■입주정보!$AJ4:$AJ1000="연결"))} -> 다존하우스 | D6: {=_xlfn._xlws.FILTER(■입주정보!C4:C1000,(■입주정보!$D4:$D1000="퇴실") + (■입주정보!$AJ4:$AJ1000="연결"))} -> 202 | E6: =IF(C6="","",_xlfn.XLOOKUP(C6,$Q$6:$Q$100,$R$6:$R$100,"",0)) -> 731024# | F6: =IF($C6="","",_xlfn.XLOOKUP(_xlfn.CONCAT($C6,$D6),$V:$V,W:W,"",0)) -> 50 | G6: =IF($C6="","",_xlfn.XLOOKUP(_xlfn.CONCAT($C6,$D6),$V:$V,X:X,"",0)) -> 50 | H6: =IF($C6="","",_xlfn.XLOOKUP(_xlfn.CONCAT($C6,$D6),$V:$V,Y:Y,"",0)) -> 50 | I6: =IF($C6="","",_xlfn.XLOOKUP(_xlfn.CONCAT($C6,$D6),$V:$V,Z:Z,"",0)) -> 7 | J6: =IF($C6="","",_xlfn.XLOOKUP(_xlfn.CONCAT($C6,$D6),$V:$V,AA:AA,"",0)) -> 포함 | K6: =IF($C6="","",_xlfn.XLOOKUP(_xlfn.CONCAT($C6,$D6),$V:$V,AB:AB,"",0)) -> 포함 | L6: =IF($C6="","",_xlfn.XLOOKUP(_xlfn.CONCAT($C6,$D6),$V:$V,AC:AC,"",0)) -> 8 | M6: {=_xlfn.LET(_xlpm.퇴실일, _xlfn.XLOOKUP(_xlfn.CONCAT(C6,D6),■퇴실정보!$B$4:$B$1000&■퇴실정보!$C$4:$C$1000,■퇴실정보!$E$4:$E$1000,0,0,-1),IF(TODAY()-_xlpm.퇴실일>1000,0,TODAY()-_xlpm.퇴실일))} -> 0 | N6: {=IF($C6="","",_xlfn.XLOOKUP(_xlfn.CONCAT($C6,$D6),◆관리정보!$B:$B & ◆관리정보!$C:$C,◆관리정보!$J:$J))} -> 단기 | O6: {=_xlfn._xlws.FILTER(■입주정보!B4:B1000 & " " & ■입주정보!C4:C1000,(■입주정보!$D4:$D1000="미노출"))} -> 다존하우스 205 | Q6: 제이앤제이 | R6: OPEN | U6: 10 | V6: 제이앤제이B01 | W6: 70 | X6: 70 | Y6: 65 | Z6: 7 | AA6: 2.5 | AB6: 2.5 | AC6: 10 | AD6: 원룸
A7: =IF($C7="","",_xlfn.XLOOKUP(_xlfn.CONCAT($C7,$D7),$V:$V,T:T,"",0)) | B7: =IF($C7="","",_xlfn.XLOOKUP(_xlfn.CONCAT($C7,$D7),$V:$V,U:U,"",0)) -> 10 | C7: 다존하우스 | D7: 509 | E7: =IF(C7="","",_xlfn.XLOOKUP(C7,$Q$6:$Q$100,$R$6:$R$100,"",0)) -> 731024# | F7: =IF($C7="","",_xlfn.XLOOKUP(_xlfn.CONCAT($C7,$D7),$V:$V,W:W,"",0)) -> 55 | G7: =IF($C7="","",_xlfn.XLOOKUP(_xlfn.CONCAT($C7,$D7),$V:$V,X:X,"",0)) -> 55 | H7: =IF($C7="","",_xlfn.XLOOKUP(_xlfn.CONCAT($C7,$D7),$V:$V,Y:Y,"",0)) -> 55 | I7: =IF($C7="","",_xlfn.XLOOKUP(_xlfn.CONCAT($C7,$D7),$V:$V,Z:Z,"",0)) -> 7 | J7: =IF($C7="","",_xlfn.XLOOKUP(_xlfn.CONCAT($C7,$D7),$V:$V,AA:AA,"",0)) -> 포함 | K7: =IF($C7="","",_xlfn.XLOOKUP(_xlfn.CONCAT($C7,$D7),$V:$V,AB:AB,"",0)) -> 포함 | L7: =IF($C7="","",_xlfn.XLOOKUP(_xlfn.CONCAT($C7,$D7),$V:$V,AC:AC,"",0)) -> 8 | M7: {=_xlfn.LET(_xlpm.퇴실일, _xlfn.XLOOKUP(_xlfn.CONCAT(C7,D7),■퇴실정보!$B$4:$B$1000&■퇴실정보!$C$4:$C$1000,■퇴실정보!$E$4:$E$1000,0,0,-1),IF(TODAY()-_xlpm.퇴실일>1000,"",TODAY()-_xlpm.퇴실일))} -> 24 | N7: {=IF($C7="","",_xlfn.XLOOKUP(_xlfn.CONCAT($C7,$D7),◆관리정보!$B:$B & ◆관리정보!$C:$C,◆관리정보!$J:$J))} -> 단기 | O7: 다존하우스 208 | Q7: 스타빌 | R7: 키4150종 | V7: 제이앤제이101 | Y7: 75 | AD7: 사무실
A8: =IF($C8="","",_xlfn.XLOOKUP(_xlfn.CONCAT($C8,$D8),$V:$V,T:T,"",0)) | B8: =IF($C8="","",_xlfn.XLOOKUP(_xlfn.CONCAT($C8,$D8),$V:$V,U:U,"",0)) -> 10 | C8: 다존하우스 | D8: 605 | E8: =IF(C8="","",_xlfn.XLOOKUP(C8,$Q$6:$Q$100,$R$6:$R$100,"",0)) -> 731024# | F8: =IF($C8="","",_xlfn.XLOOKUP(_xlfn.CONCAT($C8,$D8),$V:$V,W:W,"",0)) -> 50 | G8: =IF($C8="","",_xlfn.XLOOKUP(_xlfn.CONCAT($C8,$D8),$V:$V,X:X,"",0)) -> 50 | H8: =IF($C8="","",_xlfn.XLOOKUP(_xlfn.CONCAT($C8,$D8),$V:$V,Y:Y,"",0)) -> 50 | I8: =IF($C8="","",_xlfn.XLOOKUP(_xlfn.CONCAT($C8,$D8),$V:$V,Z:Z,"",0)) -> 7 | J8: =IF($C8="","",_xlfn.XLOOKUP(_xlfn.CONCAT($C8,$D8),$V:$V,AA:AA,"",0)) -> 포함 | K8: =IF($C8="","",_xlfn.XLOOKUP(_xlfn.CONCAT($C8,$D8),$V:$V,AB:AB,"",0)) -> 포함 | L8: =IF($C8="","",_xlfn.XLOOKUP(_xlfn.CONCAT($C8,$D8),$V:$V,AC:AC,"",0)) -> 8 | M8: {=_xlfn.LET(_xlpm.퇴실일, _xlfn.XLOOKUP(_xlfn.CONCAT(C8,D8),■퇴실정보!$B$4:$B$1000&■퇴실정보!$C$4:$C$1000,■퇴실정보!$E$4:$E$1000,0,0,-1),IF(TODAY()-_xlpm.퇴실일>1000,"",TODAY()-_xlpm.퇴실일))} -> 3 | N8: {=IF($C8="","",_xlfn.XLOOKUP(_xlfn.CONCAT($C8,$D8),◆관리정보!$B:$B & ◆관리정보!$C:$C,◆관리정보!$J:$J))} -> 단기 | O8: 미래홈 102 | Q8: 아페이론 | R8: 경비키4150종 | U8: 15 | V8: 제이앤제이201 | W8: 165 | X8: 165 | Y8: 160 | Z8: 12 | AA8: 2.5 | AB8: 2.5 | AC8: 20 | AD8: 세미분리
A9: =IF($C9="","",_xlfn.XLOOKUP(_xlfn.CONCAT($C9,$D9),$V:$V,T:T,"",0)) | B9: =IF($C9="","",_xlfn.XLOOKUP(_xlfn.CONCAT($C9,$D9),$V:$V,U:U,"",0)) -> 11 | C9: 미래홈 | D9: 203 | E9: =IF(C9="","",_xlfn.XLOOKUP(C9,$Q$6:$Q$100,$R$6:$R$100,"",0)) -> #4150# | F9: =IF($C9="","",_xlfn.XLOOKUP(_xlfn.CONCAT($C9,$D9),$V:$V,W:W,"",0)) -> 70 | G9: =IF($C9="","",_xlfn.XLOOKUP(_xlfn.CONCAT($C9,$D9),$V:$V,X:X,"",0)) -> 50 | H9: =IF($C9="","",_xlfn.XLOOKUP(_xlfn.CONCAT($C9,$D9),$V:$V,Y:Y,"",0)) -> 50 | I9: =IF($C9="","",_xlfn.XLOOKUP(_xlfn.CONCAT($C9,$D9),$V:$V,Z:Z,"",0)) -> 7 | J9: =IF($C9="","",_xlfn.XLOOKUP(_xlfn.CONCAT($C9,$D9),$V:$V,AA:AA,"",0)) -> 포함 | K9: =IF($C9="","",_xlfn.XLOOKUP(_xlfn.CONCAT($C9,$D9),$V:$V,AB:AB,"",0)) -> 포함 | L9: =IF($C9="","",_xlfn.XLOOKUP(_xlfn.CONCAT($C9,$D9),$V:$V,AC:AC,"",0)) -> 10 | M9: {=_xlfn.LET(_xlpm.퇴실일, _xlfn.XLOOKUP(_xlfn.CONCAT(C9,D9),■퇴실정보!$B$4:$B$1000&■퇴실정보!$C$4:$C$1000,■퇴실정보!$E$4:$E$1000,0,0,-1),IF(TODAY()-_xlpm.퇴실일>1000,"",TODAY()-_xlpm.퇴실일))} -> 13 | N9: {=IF($C9="","",_xlfn.XLOOKUP(_xlfn.CONCAT($C9,$D9),◆관리정보!$B:$B & ◆관리정보!$C:$C,◆관리정보!$J:$J))} -> 단기 | O9: 미래홈 107 | Q9: 다존하우스 | R9: 731024# | U9: 20 | V9: 제이앤제이301 | W9: 165 | X9: 165 | Y9: 160 | Z9: 12 | AA9: 2.5 | AB9: 2.5 | AC9: 20 | AD9: 세미분리
A10: =IF($C10="","",_xlfn.XLOOKUP(_xlfn.CONCAT($C10,$D10),$V:$V,T:T,"",0)) | B10: =IF($C10="","",_xlfn.XLOOKUP(_xlfn.CONCAT($C10,$D10),$V:$V,U:U,"",0)) -> 15 | C10: 굿모닝빌 | D10: 203 | E10: =IF(C10="","",_xlfn.XLOOKUP(C10,$Q$6:$Q$100,$R$6:$R$100,"",0)) -> OPEN | F10: =IF($C10="","",_xlfn.XLOOKUP(_xlfn.CONCAT($C10,$D10),$V:$V,W:W,"",0)) -> 120 | G10: =IF($C10="","",_xlfn.XLOOKUP(_xlfn.CONCAT($C10,$D10),$V:$V,X:X,"",0)) -> 115 | H10: =IF($C10="","",_xlfn.XLOOKUP(_xlfn.CONCAT($C10,$D10),$V:$V,Y:Y,"",0)) -> 110 | I10: =IF($C10="","",_xlfn.XLOOKUP(_xlfn.CONCAT($C10,$D10),$V:$V,Z:Z,"",0)) -> 8 | J10: =IF($C10="","",_xlfn.XLOOKUP(_xlfn.CONCAT($C10,$D10),$V:$V,AA:AA,"",0)) -> 2.5 | K10: =IF($C10="","",_xlfn.XLOOKUP(_xlfn.CONCAT($C10,$D10),$V:$V,AB:AB,"",0)) -> 2.5 | L10: =IF($C10="","",_xlfn.XLOOKUP(_xlfn.CONCAT($C10,$D10),$V:$V,AC:AC,"",0)) -> 18 | M10: {=_xlfn.LET(_xlpm.퇴실일, _xlfn.XLOOKUP(_xlfn.CONCAT(C10,D10),■퇴실정보!$B$4:$B$1000&■퇴실정보!$C$4:$C$1000,■퇴실정보!$E$4:$E$1000,0,0,-1),IF(TODAY()-_xlpm.퇴실일>1000,"",TODAY()-_xlpm.퇴실일))} -> 20 | N10: {=IF($C10="","",_xlfn.XLOOKUP(_xlfn.CONCAT($C10,$D10),◆관리정보!$B:$B & ◆관리정보!$C:$C,◆관리정보!$J:$J))} -> 단기 | O10: 굿모닝빌 301 | Q10: 미래홈 | R10: #4150# | U10: 25 | V10: 제이앤제이401 | W10: 200 | X10: 200 | Y10: 195 | Z10: 15 | AA10: 3 | AB10: 2.5 | AC10: 20 | AD10: 복층투룸
A11: =IF($C11="","",_xlfn.XLOOKUP(_xlfn.CONCAT($C11,$D11),$V:$V,T:T,"",0)) | B11: =IF($C11="","",_xlfn.XLOOKUP(_xlfn.CONCAT($C11,$D11),$V:$V,U:U,"",0)) -> 15 | C11: 와이원빈티지 | D11: 202 | E11: =IF(C11="","",_xlfn.XLOOKUP(C11,$Q$6:$Q$100,$R$6:$R$100,"",0)) -> 종3435 | F11: =IF($C11="","",_xlfn.XLOOKUP(_xlfn.CONCAT($C11,$D11),$V:$V,W:W,"",0)) -> 110 | G11: =IF($C11="","",_xlfn.XLOOKUP(_xlfn.CONCAT($C11,$D11),$V:$V,X:X,"",0)) -> 105 | H11: =IF($C11="","",_xlfn.XLOOKUP(_xlfn.CONCAT($C11,$D11),$V:$V,Y:Y,"",0)) -> 100 | I11: =IF($C11="","",_xlfn.XLOOKUP(_xlfn.CONCAT($C11,$D11),$V:$V,Z:Z,"",0)) -> 8 | J11: =IF($C11="","",_xlfn.XLOOKUP(_xlfn.CONCAT($C11,$D11),$V:$V,AA:AA,"",0)) -> 2.5 | K11: =IF($C11="","",_xlfn.XLOOKUP(_xlfn.CONCAT($C11,$D11),$V:$V,AB:AB,"",0)) -> 2.5 | L11: =IF($C11="","",_xlfn.XLOOKUP(_xlfn.CONCAT($C11,$D11),$V:$V,AC:AC,"",0)) -> 18 | M11: {=_xlfn.LET(_xlpm.퇴실일, _xlfn.XLOOKUP(_xlfn.CONCAT(C11,D11),■퇴실정보!$B$4:$B$1000&■퇴실정보!$C$4:$C$1000,■퇴실정보!$E$4:$E$1000,0,0,-1),IF(TODAY()-_xlpm.퇴실일>1000,"",TODAY()-_xlpm.퇴실일))} -> 8 | N11: {=IF($C11="","",_xlfn.XLOOKUP(_xlfn.CONCAT($C11,$D11),◆관리정보!$B:$B & ◆관리정보!$C:$C,◆관리정보!$J:$J))} -> 단기 | O11: 굿모닝빌 402 | Q11: 포유빌 | R11: 키4150종 | U11: 10 | V11: 스타빌101 | W11: 70 | X11: 70 | Y11: 65 | Z11: 8 | AA11: 2.5 | AB11: 2.5 | AC11: 10 | AD11: 원룸
A12: =IF($C12="","",_xlfn.XLOOKUP(_xlfn.CONCAT($C12,$D12),$V:$V,T:T,"",0)) | B12: =IF($C12="","",_xlfn.XLOOKUP(_xlfn.CONCAT($C12,$D12),$V:$V,U:U,"",0)) -> 15 | C12: 와이원빈티지 | D12: 303 | E12: =IF(C12="","",_xlfn.XLOOKUP(C12,$Q$6:$Q$100,$R$6:$R$100,"",0)) -> 종3435 | F12: =IF($C12="","",_xlfn.XLOOKUP(_xlfn.CONCAT($C12,$D12),$V:$V,W:W,"",0)) -> 110 | G12: =IF($C12="","",_xlfn.XLOOKUP(_xlfn.CONCAT($C12,$D12),$V:$V,X:X,"",0)) -> 105 | H12: =IF($C12="","",_xlfn.XLOOKUP(_xlfn.CONCAT($C12,$D12),$V:$V,Y:Y,"",0)) -> 100 | I12: =IF($C12="","",_xlfn.XLOOKUP(_xlfn.CONCAT($C12,$D12),$V:$V,Z:Z,"",0)) -> 8 | J12: =IF($C12="","",_xlfn.XLOOKUP(_xlfn.CONCAT($C12,$D12),$V:$V,AA:AA,"",0)) -> 2.5 | K12: =IF($C12="","",_xlfn.XLOOKUP(_xlfn.CONCAT($C12,$D12),$V:$V,AB:AB,"",0)) -> 2.5 | L12: =IF($C12="","",_xlfn.XLOOKUP(_xlfn.CONCAT($C12,$D12),$V:$V,AC:AC,"",0)) -> 18 | M12: {=_xlfn.LET(_xlpm.퇴실일, _xlfn.XLOOKUP(_xlfn.CONCAT(C12,D12),■퇴실정보!$B$4:$B$1000&■퇴실정보!$C$4:$C$1000,■퇴실정보!$E$4:$E$1000,0,0,-1),IF(TODAY()-_xlpm.퇴실일>1000,"",TODAY()-_xlpm.퇴실일))} -> 46 | N12: {=IF($C12="","",_xlfn.XLOOKUP(_xlfn.CONCAT($C12,$D12),◆관리정보!$B:$B & ◆관리정보!$C:$C,◆관리정보!$J:$J))} -> 단기 | O12: 모던하우스 501 | Q12: W하우스 | R12: #4150# | U12: 10 | V12: 스타빌102 | W12: 70 | X12: 70 | Y12: 65 | Z12: 8 | AA12: 2.5 | AB12: 2.5 | AC12: 10 | AD12: 원룸
A13: =IF($C13="","",_xlfn.XLOOKUP(_xlfn.CONCAT($C13,$D13),$V:$V,T:T,"",0)) | B13: =IF($C13="","",_xlfn.XLOOKUP(_xlfn.CONCAT($C13,$D13),$V:$V,U:U,"",0)) -> 15 | C13: 모던하우스 | D13: 405 | E13: =IF(C13="","",_xlfn.XLOOKUP(C13,$Q$6:$Q$100,$R$6:$R$100,"",0)) -> #3754# | F13: =IF($C13="","",_xlfn.XLOOKUP(_xlfn.CONCAT($C13,$D13),$V:$V,W:W,"",0)) -> 125 | G13: =IF($C13="","",_xlfn.XLOOKUP(_xlfn.CONCAT($C13,$D13),$V:$V,X:X,"",0)) -> 125 | H13: =IF($C13="","",_xlfn.XLOOKUP(_xlfn.CONCAT($C13,$D13),$V:$V,Y:Y,"",0)) -> 120 | I13: =IF($C13="","",_xlfn.XLOOKUP(_xlfn.CONCAT($C13,$D13),$V:$V,Z:Z,"",0)) -> 8 | J13: =IF($C13="","",_xlfn.XLOOKUP(_xlfn.CONCAT($C13,$D13),$V:$V,AA:AA,"",0)) -> 2.5 | K13: =IF($C13="","",_xlfn.XLOOKUP(_xlfn.CONCAT($C13,$D13),$V:$V,AB:AB,"",0)) -> 2.5 | L13: =IF($C13="","",_xlfn.XLOOKUP(_xlfn.CONCAT($C13,$D13),$V:$V,AC:AC,"",0)) -> 20 | M13: {=_xlfn.LET(_xlpm.퇴실일, _xlfn.XLOOKUP(_xlfn.CONCAT(C13,D13),■퇴실정보!$B$4:$B$1000&■퇴실정보!$C$4:$C$1000,■퇴실정보!$E$4:$E$1000,0,0,-1),IF(TODAY()-_xlpm.퇴실일>1000,"",TODAY()-_xlpm.퇴실일))} -> 21 | N13: {=IF($C13="","",_xlfn.XLOOKUP(_xlfn.CONCAT($C13,$D13),◆관리정보!$B:$B & ◆관리정보!$C:$C,◆관리정보!$J:$J))} -> 단기 | O13: 제이드하우스 103 | Q13: 풍림빌딩 | R13: OPEN | U13: 10 | V13: 스타빌103 | W13: 70 | X13: 70 | Y13: 65 | Z13: 8 | AA13: 2.5 | AB13: 2.5 | AC13: 10 | AD13: 원룸
A14: =IF($C14="","",_xlfn.XLOOKUP(_xlfn.CONCAT($C14,$D14),$V:$V,T:T,"",0)) | B14: =IF($C14="","",_xlfn.XLOOKUP(_xlfn.CONCAT($C14,$D14),$V:$V,U:U,"",0)) -> 20 | C14: 모던라이프 | D14: 301 | E14: =IF(C14="","",_xlfn.XLOOKUP(C14,$Q$6:$Q$100,$R$6:$R$100,"",0)) -> 종6819 | F14: =IF($C14="","",_xlfn.XLOOKUP(_xlfn.CONCAT($C14,$D14),$V:$V,W:W,"",0)) -> 185 | G14: =IF($C14="","",_xlfn.XLOOKUP(_xlfn.CONCAT($C14,$D14),$V:$V,X:X,"",0)) -> 185 | H14: =IF($C14="","",_xlfn.XLOOKUP(_xlfn.CONCAT($C14,$D14),$V:$V,Y:Y,"",0)) -> 180 | I14: =IF($C14="","",_xlfn.XLOOKUP(_xlfn.CONCAT($C14,$D14),$V:$V,Z:Z,"",0)) -> 10 | J14: =IF($C14="","",_xlfn.XLOOKUP(_xlfn.CONCAT($C14,$D14),$V:$V,AA:AA,"",0)) -> 3 | K14: =IF($C14="","",_xlfn.XLOOKUP(_xlfn.CONCAT($C14,$D14),$V:$V,AB:AB,"",0)) -> 2.5 | L14: =IF($C14="","",_xlfn.XLOOKUP(_xlfn.CONCAT($C14,$D14),$V:$V,AC:AC,"",0)) -> 25 | M14: {=_xlfn.LET(_xlpm.퇴실일, _xlfn.XLOOKUP(_xlfn.CONCAT(C14,D14),■퇴실정보!$B$4:$B$1000&■퇴실정보!$C$4:$C$1000,■퇴실정보!$E$4:$E$1000,0,0,-1),IF(TODAY()-_xlpm.퇴실일>1000,"",TODAY()-_xlpm.퇴실일))} -> 6 | N14: {=IF($C14="","",_xlfn.XLOOKUP(_xlfn.CONCAT($C14,$D14),◆관리정보!$B:$B & ◆관리정보!$C:$C,◆관리정보!$J:$J))} -> 단기 | Q14: 모던하우스 | R14: #3754# | U14: 10 | V14: 스타빌105 | W14: 70 | X14: 70 | Y14: 65 | Z14: 8 | AA14: 2.5 | AB14: 2.5 | AC14: 10 | AD14: 원룸
A15: =IF($C15="","",_xlfn.XLOOKUP(_xlfn.CONCAT($C15,$D15),$V:$V,T:T,"",0)) | B15: =IF($C15="","",_xlfn.XLOOKUP(_xlfn.CONCAT($C15,$D15),$V:$V,U:U,"",0)) -> 20 | C15: 모던라이프 | D15: 303 | E15: =IF(C15="","",_xlfn.XLOOKUP(C15,$Q$6:$Q$100,$R$6:$R$100,"",0)) -> 종6819 | F15: =IF($C15="","",_xlfn.XLOOKUP(_xlfn.CONCAT($C15,$D15),$V:$V,W:W,"",0)) -> 175 | G15: =IF($C15="","",_xlfn.XLOOKUP(_xlfn.CONCAT($C15,$D15),$V:$V,X:X,"",0)) -> 175 | H15: =IF($C15="","",_xlfn.XLOOKUP(_xlfn.CONCAT($C15,$D15),$V:$V,Y:Y,"",0)) -> 175 | I15: =IF($C15="","",_xlfn.XLOOKUP(_xlfn.CONCAT($C15,$D15),$V:$V,Z:Z,"",0)) -> 10 | J15: =IF($C15="","",_xlfn.XLOOKUP(_xlfn.CONCAT($C15,$D15),$V:$V,AA:AA,"",0)) -> 3 | K15: =IF($C15="","",_xlfn.XLOOKUP(_xlfn.CONCAT($C15,$D15),$V:$V,AB:AB,"",0)) -> 2.5 | L15: =IF($C15="","",_xlfn.XLOOKUP(_xlfn.CONCAT($C15,$D15),$V:$V,AC:AC,"",0)) -> 25 | M15: {=_xlfn.LET(_xlpm.퇴실일, _xlfn.XLOOKUP(_xlfn.CONCAT(C15,D15),■퇴실정보!$B$4:$B$1000&■퇴실정보!$C$4:$C$1000,■퇴실정보!$E$4:$E$1000,0,0,-1),IF(TODAY()-_xlpm.퇴실일>1000,"",TODAY()-_xlpm.퇴실일))} -> 58 | N15: {=IF($C15="","",_xlfn.XLOOKUP(_xlfn.CONCAT($C15,$D15),◆관리정보!$B:$B & ◆관리정보!$C:$C,◆관리정보!$J:$J))} -> 단기 | Q15: 모던라이프 | R15: 종6819 | U15: 10 | V15: 스타빌201 | W15: 75 | X15: 75 | Y15: 70 | Z15: 8 | AA15: 2.5 | AB15: 2.5 | AC15: 10 | AD15: 원룸
A16: =IF($C16="","",_xlfn.XLOOKUP(_xlfn.CONCAT($C16,$D16),$V:$V,T:T,"",0)) | B16: =IF($C16="","",_xlfn.XLOOKUP(_xlfn.CONCAT($C16,$D16),$V:$V,U:U,"",0)) -> 0.6 | C16: 우영빌딩 | D16: 2층 | E16: =IF(C16="","",_xlfn.XLOOKUP(C16,$Q$6:$Q$100,$R$6:$R$100,"",0)) -> 1104 | F16: =IF($C16="","",_xlfn.XLOOKUP(_xlfn.CONCAT($C16,$D16),$V:$V,W:W,"",0)) -> 10000 | G16: =IF($C16="","",_xlfn.XLOOKUP(_xlfn.CONCAT($C16,$D16),$V:$V,X:X,"",0)) -> 550 | H16: =IF($C16="","",_xlfn.XLOOKUP(_xlfn.CONCAT($C16,$D16),$V:$V,Y:Y,"",0)) -> 550 | I16: =IF($C16="","",_xlfn.XLOOKUP(_xlfn.CONCAT($C16,$D16),$V:$V,Z:Z,"",0)) -> 100 | J16: =IF($C16="","",_xlfn.XLOOKUP(_xlfn.CONCAT($C16,$D16),$V:$V,AA:AA,"",0)) -> 별도 | K16: =IF($C16="","",_xlfn.XLOOKUP(_xlfn.CONCAT($C16,$D16),$V:$V,AB:AB,"",0)) | L16: =IF($C16="","",_xlfn.XLOOKUP(_xlfn.CONCAT($C16,$D16),$V:$V,AC:AC,"",0)) | M16: {=_xlfn.LET(_xlpm.퇴실일, _xlfn.XLOOKUP(_xlfn.CONCAT(C16,D16),■퇴실정보!$B$4:$B$1000&■퇴실정보!$C$4:$C$1000,■퇴실정보!$E$4:$E$1000,0,0,-1),IF(TODAY()-_xlpm.퇴실일>1000,"",TODAY()-_xlpm.퇴실일))} | N16: {=IF($C16="","",_xlfn.XLOOKUP(_xlfn.CONCAT($C16,$D16),◆관리정보!$B:$B & ◆관리정보!$C:$C,◆관리정보!$J:$J))} -> 일반 | Q16: 리트코하우스 | R16: 종3435 | U16: 10 | V16: 스타빌202 | W16: 75 | X16: 75 | Y16: 70 | Z16: 8 | AA16: 2.5 | AB16: 2.5 | AC16: 10 | AD16: 원룸
A17: =IF($C17="","",_xlfn.XLOOKUP(_xlfn.CONCAT($C17,$D17),$V:$V,T:T,"",0)) | B17: =IF($C17="","",_xlfn.XLOOKUP(_xlfn.CONCAT($C17,$D17),$V:$V,U:U,"",0)) -> 0.6 | C17: 우영빌딩 | D17: 4층 | E17: =IF(C17="","",_xlfn.XLOOKUP(C17,$Q$6:$Q$100,$R$6:$R$100,"",0)) -> 1104 | F17: =IF($C17="","",_xlfn.XLOOKUP(_xlfn.CONCAT($C17,$D17),$V:$V,W:W,"",0)) -> 7000 | G17: =IF($C17="","",_xlfn.XLOOKUP(_xlfn.CONCAT($C17,$D17),$V:$V,X:X,"",0)) -> 320 | H17: =IF($C17="","",_xlfn.XLOOKUP(_xlfn.CONCAT($C17,$D17),$V:$V,Y:Y,"",0)) -> 320 | I17: =IF($C17="","",_xlfn.XLOOKUP(_xlfn.CONCAT($C17,$D17),$V:$V,Z:Z,"",0)) -> 50 | J17: =IF($C17="","",_xlfn.XLOOKUP(_xlfn.CONCAT($C17,$D17),$V:$V,AA:AA,"",0)) -> 별도 | K17: =IF($C17="","",_xlfn.XLOOKUP(_xlfn.CONCAT($C17,$D17),$V:$V,AB:AB,"",0)) | L17: =IF($C17="","",_xlfn.XLOOKUP(_xlfn.CONCAT($C17,$D17),$V:$V,AC:AC,"",0)) | M17: {=_xlfn.LET(_xlpm.퇴실일, _xlfn.XLOOKUP(_xlfn.CONCAT(C17,D17),■퇴실정보!$B$4:$B$1000&■퇴실정보!$C$4:$C$1000,■퇴실정보!$E$4:$E$1000,0,0,-1),IF(TODAY()-_xlpm.퇴실일>1000,"",TODAY()-_xlpm.퇴실일))} | N17: {=IF($C17="","",_xlfn.XLOOKUP(_xlfn.CONCAT($C17,$D17),◆관리정보!$B:$B & ◆관리정보!$C:$C,◆관리정보!$J:$J))} -> 일반 | Q17: 와이원빈티지 | R17: 종3435 | U17: 10 | V17: 스타빌203 | W17: 75 | X17: 75 | Y17: 70 | Z17: 8 | AA17: 2.5 | AB17: 2.5 | AC17: 10 | AD17: 원룸
A18: =IF($C18="","",_xlfn.XLOOKUP(_xlfn.CONCAT($C18,$D18),$V:$V,T:T,"",0)) | B18: =IF($C18="","",_xlfn.XLOOKUP(_xlfn.CONCAT($C18,$D18),$V:$V,U:U,"",0)) -> 0.6 | C18: 문화빌딩 | D18: B01 | E18: =IF(C18="","",_xlfn.XLOOKUP(C18,$Q$6:$Q$100,$R$6:$R$100,"",0)) -> OPEN | F18: =IF($C18="","",_xlfn.XLOOKUP(_xlfn.CONCAT($C18,$D18),$V:$V,W:W,"",0)) -> 4000 | G18: =IF($C18="","",_xlfn.XLOOKUP(_xlfn.CONCAT($C18,$D18),$V:$V,X:X,"",0)) -> 330 | H18: =IF($C18="","",_xlfn.XLOOKUP(_xlfn.CONCAT($C18,$D18),$V:$V,Y:Y,"",0)) -> 330 | I18: =IF($C18="","",_xlfn.XLOOKUP(_xlfn.CONCAT($C18,$D18),$V:$V,Z:Z,"",0)) -> 40 | J18: =IF($C18="","",_xlfn.XLOOKUP(_xlfn.CONCAT($C18,$D18),$V:$V,AA:AA,"",0)) -> 별도 | K18: =IF($C18="","",_xlfn.XLOOKUP(_xlfn.CONCAT($C18,$D18),$V:$V,AB:AB,"",0)) | L18: =IF($C18="","",_xlfn.XLOOKUP(_xlfn.CONCAT($C18,$D18),$V:$V,AC:AC,"",0)) | M18: {=_xlfn.LET(_xlpm.퇴실일, _xlfn.XLOOKUP(_xlfn.CONCAT(C18,D18),■퇴실정보!$B$4:$B$1000&■퇴실정보!$C$4:$C$1000,■퇴실정보!$E$4:$E$1000,0,0,-1),IF(TODAY()-_xlpm.퇴실일>1000,"",TODAY()-_xlpm.퇴실일))} | N18: {=IF($C18="","",_xlfn.XLOOKUP(_xlfn.CONCAT($C18,$D18),◆관리정보!$B:$B & ◆관리정보!$C:$C,◆관리정보!$J:$J))} -> 상가 | Q18: 굿모닝빌 | R18: OPEN | U18: 10 | V18: 스타빌205 | W18: 75 | X18: 75 | Y18: 70 | Z18: 8 | AA18: 2.5 | AB18: 2.5 | AC18: 10 | AD18: 원룸
A19: =IF($C19="","",_xlfn.XLOOKUP(_xlfn.CONCAT($C19,$D19),$V:$V,T:T,"",0)) | B19: =IF($C19="","",_xlfn.XLOOKUP(_xlfn.CONCAT($C19,$D19),$V:$V,U:U,"",0)) -> 0.6 | C19: 문화빌딩 | D19: 2층 | E19: =IF(C19="","",_xlfn.XLOOKUP(C19,$Q$6:$Q$100,$R$6:$R$100,"",0)) -> OPEN | F19: =IF($C19="","",_xlfn.XLOOKUP(_xlfn.CONCAT($C19,$D19),$V:$V,W:W,"",0)) -> 12000 | G19: =IF($C19="","",_xlfn.XLOOKUP(_xlfn.CONCAT($C19,$D19),$V:$V,X:X,"",0)) -> 650 | H19: =IF($C19="","",_xlfn.XLOOKUP(_xlfn.CONCAT($C19,$D19),$V:$V,Y:Y,"",0)) -> 650 | I19: =IF($C19="","",_xlfn.XLOOKUP(_xlfn.CONCAT($C19,$D19),$V:$V,Z:Z,"",0)) -> 40 | J19: =IF($C19="","",_xlfn.XLOOKUP(_xlfn.CONCAT($C19,$D19),$V:$V,AA:AA,"",0)) -> 별도 | K19: =IF($C19="","",_xlfn.XLOOKUP(_xlfn.CONCAT($C19,$D19),$V:$V,AB:AB,"",0)) | L19: =IF($C19="","",_xlfn.XLOOKUP(_xlfn.CONCAT($C19,$D19),$V:$V,AC:AC,"",0)) | M19: {=_xlfn.LET(_xlpm.퇴실일, _xlfn.XLOOKUP(_xlfn.CONCAT(C19,D19),■퇴실정보!$B$4:$B$1000&■퇴실정보!$C$4:$C$1000,■퇴실정보!$E$4:$E$1000,0,0,-1),IF(TODAY()-_xlpm.퇴실일>1000,"",TODAY()-_xlpm.퇴실일))} | N19: {=IF($C19="","",_xlfn.XLOOKUP(_xlfn.CONCAT($C19,$D19),◆관리정보!$B:$B & ◆관리정보!$C:$C,◆관리정보!$J:$J))} -> 상가 | Q19: 모닝빌 | R19: 작은 문 OPEN | U19: 10 | V19: 스타빌301 | W19: 75 | X19: 75 | Y19: 70 | Z19: 8 | AA19: 2.5 | AB19: 2.5 | AC19: 10 | AD19: 원룸
A20: =IF($C20="","",_xlfn.XLOOKUP(_xlfn.CONCAT($C20,$D20),$V:$V,T:T,"",0)) | B20: =IF($C20="","",_xlfn.XLOOKUP(_xlfn.CONCAT($C20,$D20),$V:$V,U:U,"",0)) -> 0.9 | C20: 어반그레이 | D20: B01 | E20: =IF(C20="","",_xlfn.XLOOKUP(C20,$Q$6:$Q$100,$R$6:$R$100,"",0)) -> 4150 | F20: =IF($C20="","",_xlfn.XLOOKUP(_xlfn.CONCAT($C20,$D20),$V:$V,W:W,"",0)) -> 6000 | G20: =IF($C20="","",_xlfn.XLOOKUP(_xlfn.CONCAT($C20,$D20),$V:$V,X:X,"",0)) -> 400 | H20: =IF($C20="","",_xlfn.XLOOKUP(_xlfn.CONCAT($C20,$D20),$V:$V,Y:Y,"",0)) -> 400 | I20: =IF($C20="","",_xlfn.XLOOKUP(_xlfn.CONCAT($C20,$D20),$V:$V,Z:Z,"",0)) -> 50 | J20: =IF($C20="","",_xlfn.XLOOKUP(_xlfn.CONCAT($C20,$D20),$V:$V,AA:AA,"",0)) | K20: =IF($C20="","",_xlfn.XLOOKUP(_xlfn.CONCAT($C20,$D20),$V:$V,AB:AB,"",0)) | L20: =IF($C20="","",_xlfn.XLOOKUP(_xlfn.CONCAT($C20,$D20),$V:$V,AC:AC,"",0)) | M20: {=_xlfn.LET(_xlpm.퇴실일, _xlfn.XLOOKUP(_xlfn.CONCAT(C20,D20),■퇴실정보!$B$4:$B$1000&■퇴실정보!$C$4:$C$1000,■퇴실정보!$E$4:$E$1000,0,0,-1),IF(TODAY()-_xlpm.퇴실일>1000,"",TODAY()-_xlpm.퇴실일))} | N20: {=IF($C20="","",_xlfn.XLOOKUP(_xlfn.CONCAT($C20,$D20),◆관리정보!$B:$B & ◆관리정보!$C:$C,◆관리정보!$J:$J))} -> 상가 | Q20: 에덴빌 | R20: #1202# | U20: 10 | V20: 스타빌302 | W20: 75 | X20: 75 | Y20: 70 | Z20: 8 | AA20: 2.5 | AB20: 2.5 | AC20: 10 | AD20: 원룸
A21: =IF($C21="","",_xlfn.XLOOKUP(_xlfn.CONCAT($C21,$D21),$V:$V,T:T,"",0)) | B21: =IF($C21="","",_xlfn.XLOOKUP(_xlfn.CONCAT($C21,$D21),$V:$V,U:U,"",0)) -> 0.9 | C21: 어반그레이 | D21: 1층 | E21: =IF(C21="","",_xlfn.XLOOKUP(C21,$Q$6:$Q$100,$R$6:$R$100,"",0)) -> 4150 | F21: =IF($C21="","",_xlfn.XLOOKUP(_xlfn.CONCAT($C21,$D21),$V:$V,W:W,"",0)) -> 7000 | G21: =IF($C21="","",_xlfn.XLOOKUP(_xlfn.CONCAT($C21,$D21),$V:$V,X:X,"",0)) -> 490 | H21: =IF($C21="","",_xlfn.XLOOKUP(_xlfn.CONCAT($C21,$D21),$V:$V,Y:Y,"",0)) -> 490 | I21: =IF($C21="","",_xlfn.XLOOKUP(_xlfn.CONCAT($C21,$D21),$V:$V,Z:Z,"",0)) -> 50 | J21: =IF($C21="","",_xlfn.XLOOKUP(_xlfn.CONCAT($C21,$D21),$V:$V,AA:AA,"",0)) | K21: =IF($C21="","",_xlfn.XLOOKUP(_xlfn.CONCAT($C21,$D21),$V:$V,AB:AB,"",0)) | L21: =IF($C21="","",_xlfn.XLOOKUP(_xlfn.CONCAT($C21,$D21),$V:$V,AC:AC,"",0)) | M21: {=_xlfn.LET(_xlpm.퇴실일, _xlfn.XLOOKUP(_xlfn.CONCAT(C21,D21),■퇴실정보!$B$4:$B$1000&■퇴실정보!$C$4:$C$1000,■퇴실정보!$E$4:$E$1000,0,0,-1),IF(TODAY()-_xlpm.퇴실일>1000,"",TODAY()-_xlpm.퇴실일))} | N21: {=IF($C21="","",_xlfn.XLOOKUP(_xlfn.CONCAT($C21,$D21),◆관리정보!$B:$B & ◆관리정보!$C:$C,◆관리정보!$J:$J))} -> 상가 | Q21: 한스텔 | R21: OPEN | U21: 10 | V21: 스타빌303 | W21: 75 | X21: 75 | Y21: 70 | Z21: 8 | AA21: 2.5 | AB21: 2.5 | AC21: 10 | AD21: 원룸
A22: =IF($C22="","",_xlfn.XLOOKUP(_xlfn.CONCAT($C22,$D22),$V:$V,T:T,"",0)) | B22: =IF($C22="","",_xlfn.XLOOKUP(_xlfn.CONCAT($C22,$D22),$V:$V,U:U,"",0)) -> 0.9 | C22: 어반그레이 | D22: 2층 | E22: =IF(C22="","",_xlfn.XLOOKUP(C22,$Q$6:$Q$100,$R$6:$R$100,"",0)) -> 4150 | F22: =IF($C22="","",_xlfn.XLOOKUP(_xlfn.CONCAT($C22,$D22),$V:$V,W:W,"",0)) -> 5000 | G22: =IF($C22="","",_xlfn.XLOOKUP(_xlfn.CONCAT($C22,$D22),$V:$V,X:X,"",0)) -> 360 | H22: =IF($C22="","",_xlfn.XLOOKUP(_xlfn.CONCAT($C22,$D22),$V:$V,Y:Y,"",0)) -> 360 | I22: =IF($C22="","",_xlfn.XLOOKUP(_xlfn.CONCAT($C22,$D22),$V:$V,Z:Z,"",0)) -> 50 | J22: =IF($C22="","",_xlfn.XLOOKUP(_xlfn.CONCAT($C22,$D22),$V:$V,AA:AA,"",0)) | K22: =IF($C22="","",_xlfn.XLOOKUP(_xlfn.CONCAT($C22,$D22),$V:$V,AB:AB,"",0)) | L22: =IF($C22="","",_xlfn.XLOOKUP(_xlfn.CONCAT($C22,$D22),$V:$V,AC:AC,"",0)) | M22: {=_xlfn.LET(_xlpm.퇴실일, _xlfn.XLOOKUP(_xlfn.CONCAT(C22,D22),■퇴실정보!$B$4:$B$1000&■퇴실정보!$C$4:$C$1000,■퇴실정보!$E$4:$E$1000,0,0,-1),IF(TODAY()-_xlpm.퇴실일>1000,"",TODAY()-_xlpm.퇴실일))} | N22: {=IF($C22="","",_xlfn.XLOOKUP(_xlfn.CONCAT($C22,$D22),◆관리정보!$B:$B & ◆관리정보!$C:$C,◆관리정보!$J:$J))} -> 상가 | Q22: 지앤지2 | R22: 종-4150-종 | U22: 10 | V22: 스타빌305 | W22: 75 | X22: 75 | Y22: 70 | Z22: 8 | AA22: 2.5 | AB22: 2.5 | AC22: 10 | AD22: 원룸
A23: =IF($C23="","",_xlfn.XLOOKUP(_xlfn.CONCAT($C23,$D23),$V:$V,T:T,"",0)) -> 10 | B23: =IF($C23="","",_xlfn.XLOOKUP(_xlfn.CONCAT($C23,$D23),$V:$V,U:U,"",0)) -> 15 | C23: 제이드하우스 | D23: 202 | E23: =IF(C23="","",_xlfn.XLOOKUP(C23,$Q$6:$Q$100,$R$6:$R$100,"",0)) -> 종 5323 | F23: =IF($C23="","",_xlfn.XLOOKUP(_xlfn.CONCAT($C23,$D23),$V:$V,W:W,"",0)) -> 125 | G23: =IF($C23="","",_xlfn.XLOOKUP(_xlfn.CONCAT($C23,$D23),$V:$V,X:X,"",0)) -> 125 | H23: =IF($C23="","",_xlfn.XLOOKUP(_xlfn.CONCAT($C23,$D23),$V:$V,Y:Y,"",0)) -> 120 | I23: =IF($C23="","",_xlfn.XLOOKUP(_xlfn.CONCAT($C23,$D23),$V:$V,Z:Z,"",0)) -> 10 | J23: =IF($C23="","",_xlfn.XLOOKUP(_xlfn.CONCAT($C23,$D23),$V:$V,AA:AA,"",0)) -> 2.5 | K23: =IF($C23="","",_xlfn.XLOOKUP(_xlfn.CONCAT($C23,$D23),$V:$V,AB:AB,"",0)) -> 2.5 | L23: =IF($C23="","",_xlfn.XLOOKUP(_xlfn.CONCAT($C23,$D23),$V:$V,AC:AC,"",0)) -> 20 | M23: {=_xlfn.LET(_xlpm.퇴실일, _xlfn.XLOOKUP(_xlfn.CONCAT(C23,D23),■퇴실정보!$B$4:$B$1000&■퇴실정보!$C$4:$C$1000,■퇴실정보!$E$4:$E$1000,0,0,-1),IF(TODAY()-_xlpm.퇴실일>1000,"",TODAY()-_xlpm.퇴실일))} | N23: {=IF($C23="","",_xlfn.XLOOKUP(_xlfn.CONCAT($C23,$D23),◆관리정보!$B:$B & ◆관리정보!$C:$C,◆관리정보!$J:$J))} -> 0 | Q23: 토브미하우스 | R23: 4150 | U23: 10 | V23: 스타빌401 | W23: 75 | X23: 75 | Y23: 70 | Z23: 8 | AA23: 2.5 | AB23: 2.5 | AC23: 10 | AD23: 원룸
A24: =IF($C24="","",_xlfn.XLOOKUP(_xlfn.CONCAT($C24,$D24),$V:$V,T:T,"",0)) | B24: =IF($C24="","",_xlfn.XLOOKUP(_xlfn.CONCAT($C24,$D24),$V:$V,U:U,"",0)) -> 0.6 | C24: 상건빌딩 | D24: 301 | E24: =IF(C24="","",_xlfn.XLOOKUP(C24,$Q$6:$Q$100,$R$6:$R$100,"",0)) | F24: =IF($C24="","",_xlfn.XLOOKUP(_xlfn.CONCAT($C24,$D24),$V:$V,W:W,"",0)) -> 10000 | G24: =IF($C24="","",_xlfn.XLOOKUP(_xlfn.CONCAT($C24,$D24),$V:$V,X:X,"",0)) -> 650 | H24: =IF($C24="","",_xlfn.XLOOKUP(_xlfn.CONCAT($C24,$D24),$V:$V,Y:Y,"",0)) -> 650 | I24: =IF($C24="","",_xlfn.XLOOKUP(_xlfn.CONCAT($C24,$D24),$V:$V,Z:Z,"",0)) -> 80 | J24: =IF($C24="","",_xlfn.XLOOKUP(_xlfn.CONCAT($C24,$D24),$V:$V,AA:AA,"",0)) -> 별도 | K24: =IF($C24="","",_xlfn.XLOOKUP(_xlfn.CONCAT($C24,$D24),$V:$V,AB:AB,"",0)) | L24: =IF($C24="","",_xlfn.XLOOKUP(_xlfn.CONCAT($C24,$D24),$V:$V,AC:AC,"",0)) | M24: {=_xlfn.LET(_xlpm.퇴실일, _xlfn.XLOOKUP(_xlfn.CONCAT(C24,D24),■퇴실정보!$B$4:$B$1000&■퇴실정보!$C$4:$C$1000,■퇴실정보!$E$4:$E$1000,0,0,-1),IF(TODAY()-_xlpm.퇴실일>1000,"",TODAY()-_xlpm.퇴실일))} | N24: {=IF($C24="","",_xlfn.XLOOKUP(_xlfn.CONCAT($C24,$D24),◆관리정보!$B:$B & ◆관리정보!$C:$C,◆관리정보!$J:$J))} -> 일반 | Q24: 서우하우스 | R24: OPEN | U24: 10 | V24: 스타빌402 | W24: 75 | X24: 75 | Y24: 70 | Z24: 8 | AA24: 2.5 | AB24: 2.5 | AC24: 10 | AD24: 원룸
A25: =IF($C25="","",_xlfn.XLOOKUP(_xlfn.CONCAT($C25,$D25),$V:$V,T:T,"",0)) | B25: =IF($C25="","",_xlfn.XLOOKUP(_xlfn.CONCAT($C25,$D25),$V:$V,U:U,"",0)) -> 0.6 | C25: 상건빌딩 | D25: 302 | E25: =IF(C25="","",_xlfn.XLOOKUP(C25,$Q$6:$Q$100,$R$6:$R$100,"",0)) | F25: =IF($C25="","",_xlfn.XLOOKUP(_xlfn.CONCAT($C25,$D25),$V:$V,W:W,"",0)) -> 6000 | G25: =IF($C25="","",_xlfn.XLOOKUP(_xlfn.CONCAT($C25,$D25),$V:$V,X:X,"",0)) -> 500 | H25: =IF($C25="","",_xlfn.XLOOKUP(_xlfn.CONCAT($C25,$D25),$V:$V,Y:Y,"",0)) -> 500 | I25: =IF($C25="","",_xlfn.XLOOKUP(_xlfn.CONCAT($C25,$D25),$V:$V,Z:Z,"",0)) -> 80 | J25: =IF($C25="","",_xlfn.XLOOKUP(_xlfn.CONCAT($C25,$D25),$V:$V,AA:AA,"",0)) -> 별도 | K25: =IF($C25="","",_xlfn.XLOOKUP(_xlfn.CONCAT($C25,$D25),$V:$V,AB:AB,"",0)) | L25: =IF($C25="","",_xlfn.XLOOKUP(_xlfn.CONCAT($C25,$D25),$V:$V,AC:AC,"",0)) | M25: {=_xlfn.LET(_xlpm.퇴실일, _xlfn.XLOOKUP(_xlfn.CONCAT(C25,D25),■퇴실정보!$B$4:$B$1000&■퇴실정보!$C$4:$C$1000,■퇴실정보!$E$4:$E$1000,0,0,-1),IF(TODAY()-_xlpm.퇴실일>1000,"",TODAY()-_xlpm.퇴실일))} | N25: {=IF($C25="","",_xlfn.XLOOKUP(_xlfn.CONCAT($C25,$D25),◆관리정보!$B:$B & ◆관리정보!$C:$C,◆관리정보!$J:$J))} -> 일반 | Q25: 제이에스하우스 | R25: OPEN | U25: 10 | V25: 스타빌403 | W25: 75 | X25: 75 | Y25: 70 | Z25: 8 | AA25: 2.5 | AB25: 2.5 | AC25: 10 | AD25: 원룸
A26: =IF($C26="","",_xlfn.XLOOKUP(_xlfn.CONCAT($C26,$D26),$V:$V,T:T,"",0)) | B26: =IF($C26="","",_xlfn.XLOOKUP(_xlfn.CONCAT($C26,$D26),$V:$V,U:U,"",0)) -> 0.6 | C26: 미진빌딩 | D26: 5층 | E26: =IF(C26="","",_xlfn.XLOOKUP(C26,$Q$6:$Q$100,$R$6:$R$100,"",0)) | F26: =IF($C26="","",_xlfn.XLOOKUP(_xlfn.CONCAT($C26,$D26),$V:$V,W:W,"",0)) -> 10000 | G26: =IF($C26="","",_xlfn.XLOOKUP(_xlfn.CONCAT($C26,$D26),$V:$V,X:X,"",0)) -> 550 | H26: =IF($C26="","",_xlfn.XLOOKUP(_xlfn.CONCAT($C26,$D26),$V:$V,Y:Y,"",0)) -> 550 | I26: =IF($C26="","",_xlfn.XLOOKUP(_xlfn.CONCAT($C26,$D26),$V:$V,Z:Z,"",0)) -> 80 | J26: =IF($C26="","",_xlfn.XLOOKUP(_xlfn.CONCAT($C26,$D26),$V:$V,AA:AA,"",0)) | K26: =IF($C26="","",_xlfn.XLOOKUP(_xlfn.CONCAT($C26,$D26),$V:$V,AB:AB,"",0)) | L26: =IF($C26="","",_xlfn.XLOOKUP(_xlfn.CONCAT($C26,$D26),$V:$V,AC:AC,"",0)) | M26: {=_xlfn.LET(_xlpm.퇴실일, _xlfn.XLOOKUP(_xlfn.CONCAT(C26,D26),■퇴실정보!$B$4:$B$1000&■퇴실정보!$C$4:$C$1000,■퇴실정보!$E$4:$E$1000,0,0,-1),IF(TODAY()-_xlpm.퇴실일>1000,"",TODAY()-_xlpm.퇴실일))} | N26: {=IF($C26="","",_xlfn.XLOOKUP(_xlfn.CONCAT($C26,$D26),◆관리정보!$B:$B & ◆관리정보!$C:$C,◆관리정보!$J:$J))} -> 일반 | Q26: 우진빌딩 | R26: OPEN | U26: 10 | V26: 스타빌405 | W26: 75 | X26: 75 | Y26: 70 | Z26: 8 | AA26: 2.5 | AB26: 2.5 | AC26: 10 | AD26: 원룸
A27: =IF($C27="","",_xlfn.XLOOKUP(_xlfn.CONCAT($C27,$D27),$V:$V,T:T,"",0)) | B27: =IF($C27="","",_xlfn.XLOOKUP(_xlfn.CONCAT($C27,$D27),$V:$V,U:U,"",0)) -> 0.6 | C27: 유석빌딩 | D27: 402 | E27: =IF(C27="","",_xlfn.XLOOKUP(C27,$Q$6:$Q$100,$R$6:$R$100,"",0)) -> 1565* | F27: =IF($C27="","",_xlfn.XLOOKUP(_xlfn.CONCAT($C27,$D27),$V:$V,W:W,"",0)) -> 1000 | G27: =IF($C27="","",_xlfn.XLOOKUP(_xlfn.CONCAT($C27,$D27),$V:$V,X:X,"",0)) -> 50 | H27: =IF($C27="","",_xlfn.XLOOKUP(_xlfn.CONCAT($C27,$D27),$V:$V,Y:Y,"",0)) -> 50 | I27: =IF($C27="","",_xlfn.XLOOKUP(_xlfn.CONCAT($C27,$D27),$V:$V,Z:Z,"",0)) | J27: =IF($C27="","",_xlfn.XLOOKUP(_xlfn.CONCAT($C27,$D27),$V:$V,AA:AA,"",0)) -> 별도 | K27: =IF($C27="","",_xlfn.XLOOKUP(_xlfn.CONCAT($C27,$D27),$V:$V,AB:AB,"",0)) -> 별도 | L27: =IF($C27="","",_xlfn.XLOOKUP(_xlfn.CONCAT($C27,$D27),$V:$V,AC:AC,"",0)) | M27: {=_xlfn.LET(_xlpm.퇴실일, _xlfn.XLOOKUP(_xlfn.CONCAT(C27,D27),■퇴실정보!$B$4:$B$1000&■퇴실정보!$C$4:$C$1000,■퇴실정보!$E$4:$E$1000,0,0,-1),IF(TODAY()-_xlpm.퇴실일>1000,"",TODAY()-_xlpm.퇴실일))} | N27: {=IF($C27="","",_xlfn.XLOOKUP(_xlfn.CONCAT($C27,$D27),◆관리정보!$B:$B & ◆관리정보!$C:$C,◆관리정보!$J:$J))} -> 일반 | Q27: 우영빌딩 | R27: 1104 | U27: 20 | V27: 아페이론101 | W27: 125 | X27: 125 | Y27: 120 | Z27: 8 | AA27: 2.5 | AB27: 2.5 | AC27: 18 | AD27: 원룸
A28: =IF($C28="","",_xlfn.XLOOKUP(_xlfn.CONCAT($C28,$D28),$V:$V,T:T,"",0)) | B28: =IF($C28="","",_xlfn.XLOOKUP(_xlfn.CONCAT($C28,$D28),$V:$V,U:U,"",0)) | E28: =IF(C28="","",_xlfn.XLOOKUP(C28,$Q$6:$Q$100,$R$6:$R$100,"",0)) | F28: =IF($C28="","",_xlfn.XLOOKUP(_xlfn.CONCAT($C28,$D28),$V:$V,W:W,"",0)) | G28: =IF($C28="","",_xlfn.XLOOKUP(_xlfn.CONCAT($C28,$D28),$V:$V,X:X,"",0)) | H28: =IF($C28="","",_xlfn.XLOOKUP(_xlfn.CONCAT($C28,$D28),$V:$V,Y:Y,"",0)) | I28: =IF($C28="","",_xlfn.XLOOKUP(_xlfn.CONCAT($C28,$D28),$V:$V,Z:Z,"",0)) | J28: =IF($C28="","",_xlfn.XLOOKUP(_xlfn.CONCAT($C28,$D28),$V:$V,AA:AA,"",0)) | K28: =IF($C28="","",_xlfn.XLOOKUP(_xlfn.CONCAT($C28,$D28),$V:$V,AB:AB,"",0)) | L28: =IF($C28="","",_xlfn.XLOOKUP(_xlfn.CONCAT($C28,$D28),$V:$V,AC:AC,"",0)) | M28: {=_xlfn.LET(_xlpm.퇴실일, _xlfn.XLOOKUP(_xlfn.CONCAT(C28,D28),■퇴실정보!$B$4:$B$1000&■퇴실정보!$C$4:$C$1000,■퇴실정보!$E$4:$E$1000,0,0,-1),IF(TODAY()-_xlpm.퇴실일>1000,"",TODAY()-_xlpm.퇴실일))} | N28: {=IF($C28="","",_xlfn.XLOOKUP(_xlfn.CONCAT($C28,$D28),◆관리정보!$B:$B & ◆관리정보!$C:$C,◆관리정보!$J:$J))} | Q28: 메종빌 | R28: 종1024 | U28: 20 | V28: 아페이론102 | W28: 125 | X28: 125 | Y28: 120 | Z28: 8 | AA28: 2.5 | AB28: 2.5 | AC28: 18 | AD28: 원룸
A29: =IF($C29="","",_xlfn.XLOOKUP(_xlfn.CONCAT($C29,$D29),$V:$V,T:T,"",0)) | B29: =IF($C29="","",_xlfn.XLOOKUP(_xlfn.CONCAT($C29,$D29),$V:$V,U:U,"",0)) | E29: =IF(C29="","",_xlfn.XLOOKUP(C29,$Q$6:$Q$100,$R$6:$R$100,"",0)) | F29: =IF($C29="","",_xlfn.XLOOKUP(_xlfn.CONCAT($C29,$D29),$V:$V,W:W,"",0)) | G29: =IF($C29="","",_xlfn.XLOOKUP(_xlfn.CONCAT($C29,$D29),$V:$V,X:X,"",0)) | H29: =IF($C29="","",_xlfn.XLOOKUP(_xlfn.CONCAT($C29,$D29),$V:$V,Y:Y,"",0)) | I29: =IF($C29="","",_xlfn.XLOOKUP(_xlfn.CONCAT($C29,$D29),$V:$V,Z:Z,"",0)) | J29: =IF($C29="","",_xlfn.XLOOKUP(_xlfn.CONCAT($C29,$D29),$V:$V,AA:AA,"",0)) | K29: =IF($C29="","",_xlfn.XLOOKUP(_xlfn.CONCAT($C29,$D29),$V:$V,AB:AB,"",0)) | L29: =IF($C29="","",_xlfn.XLOOKUP(_xlfn.CONCAT($C29,$D29),$V:$V,AC:AC,"",0)) | M29: {=_xlfn.LET(_xlpm.퇴실일, _xlfn.XLOOKUP(_xlfn.CONCAT(C29,D29),■퇴실정보!$B$4:$B$1000&■퇴실정보!$C$4:$C$1000,■퇴실정보!$E$4:$E$1000,0,0,-1),IF(TODAY()-_xlpm.퇴실일>1000,"",TODAY()-_xlpm.퇴실일))} | N29: {=IF($C29="","",_xlfn.XLOOKUP(_xlfn.CONCAT($C29,$D29),◆관리정보!$B:$B & ◆관리정보!$C:$C,◆관리정보!$J:$J))} | Q29: 신림프리미어 | R29: 3333 | U29: 20 | V29: 아페이론103 | W29: 125 | X29: 125 | Y29: 120 | Z29: 8 | AA29: 2.5 | AB29: 2.5 | AC29: 18 | AD29: 원룸
A30: =IF($C30="","",_xlfn.XLOOKUP(_xlfn.CONCAT($C30,$D30),$V:$V,T:T,"",0)) | B30: =IF($C30="","",_xlfn.XLOOKUP(_xlfn.CONCAT($C30,$D30),$V:$V,U:U,"",0)) | E30: =IF(C30="","",_xlfn.XLOOKUP(C30,$Q$6:$Q$100,$R$6:$R$100,"",0)) | F30: =IF($C30="","",_xlfn.XLOOKUP(_xlfn.CONCAT($C30,$D30),$V:$V,W:W,"",0)) | G30: =IF($C30="","",_xlfn.XLOOKUP(_xlfn.CONCAT($C30,$D30),$V:$V,X:X,"",0)) | H30: =IF($C30="","",_xlfn.XLOOKUP(_xlfn.CONCAT($C30,$D30),$V:$V,Y:Y,"",0)) | I30: =IF($C30="","",_xlfn.XLOOKUP(_xlfn.CONCAT($C30,$D30),$V:$V,Z:Z,"",0)) | J30: =IF($C30="","",_xlfn.XLOOKUP(_xlfn.CONCAT($C30,$D30),$V:$V,AA:AA,"",0)) | K30: =IF($C30="","",_xlfn.XLOOKUP(_xlfn.CONCAT($C30,$D30),$V:$V,AB:AB,"",0)) | L30: =IF($C30="","",_xlfn.XLOOKUP(_xlfn.CONCAT($C30,$D30),$V:$V,AC:AC,"",0)) | M30: {=_xlfn.LET(_xlpm.퇴실일, _xlfn.XLOOKUP(_xlfn.CONCAT(C30,D30),■퇴실정보!$B$4:$B$1000&■퇴실정보!$C$4:$C$1000,■퇴실정보!$E$4:$E$1000,0,0,-1),IF(TODAY()-_xlpm.퇴실일>1000,"",TODAY()-_xlpm.퇴실일))} | N30: {=IF($C30="","",_xlfn.XLOOKUP(_xlfn.CONCAT($C30,$D30),◆관리정보!$B:$B & ◆관리정보!$C:$C,◆관리정보!$J:$J))} | Q30: 어반그레이 | R30: 4150 | U30: 20 | V30: 아페이론104 | W30: 125 | X30: 125 | Y30: 120 | Z30: 8 | AA30: 2.5 | AB30: 2.5 | AC30: 18 | AD30: 원룸
A31: =IF($C31="","",_xlfn.XLOOKUP(_xlfn.CONCAT($C31,$D31),$V:$V,T:T,"",0)) | B31: =IF($C31="","",_xlfn.XLOOKUP(_xlfn.CONCAT($C31,$D31),$V:$V,U:U,"",0)) | E31: =IF(C31="","",_xlfn.XLOOKUP(C31,$Q$6:$Q$100,$R$6:$R$100,"",0)) | F31: =IF($C31="","",_xlfn.XLOOKUP(_xlfn.CONCAT($C31,$D31),$V:$V,W:W,"",0)) | G31: =IF($C31="","",_xlfn.XLOOKUP(_xlfn.CONCAT($C31,$D31),$V:$V,X:X,"",0)) | H31: =IF($C31="","",_xlfn.XLOOKUP(_xlfn.CONCAT($C31,$D31),$V:$V,Y:Y,"",0)) | I31: =IF($C31="","",_xlfn.XLOOKUP(_xlfn.CONCAT($C31,$D31),$V:$V,Z:Z,"",0)) | J31: =IF($C31="","",_xlfn.XLOOKUP(_xlfn.CONCAT($C31,$D31),$V:$V,AA:AA,"",0)) | K31: =IF($C31="","",_xlfn.XLOOKUP(_xlfn.CONCAT($C31,$D31),$V:$V,AB:AB,"",0)) | L31: =IF($C31="","",_xlfn.XLOOKUP(_xlfn.CONCAT($C31,$D31),$V:$V,AC:AC,"",0)) | M31: {=_xlfn.LET(_xlpm.퇴실일, _xlfn.XLOOKUP(_xlfn.CONCAT(C31,D31),■퇴실정보!$B$4:$B$1000&■퇴실정보!$C$4:$C$1000,■퇴실정보!$E$4:$E$1000,0,0,-1),IF(TODAY()-_xlpm.퇴실일>1000,"",TODAY()-_xlpm.퇴실일))} | N31: {=IF($C31="","",_xlfn.XLOOKUP(_xlfn.CONCAT($C31,$D31),◆관리정보!$B:$B & ◆관리정보!$C:$C,◆관리정보!$J:$J))} | Q31: 문화빌딩 | R31: OPEN | U31: 20 | V31: 아페이론105 | W31: 125 | X31: 125 | Y31: 120 | Z31: 8 | AA31: 2.5 | AB31: 2.5 | AC31: 18 | AD31: 원룸
A32: =IF($C32="","",_xlfn.XLOOKUP(_xlfn.CONCAT($C32,$D32),$V:$V,T:T,"",0)) | B32: =IF($C32="","",_xlfn.XLOOKUP(_xlfn.CONCAT($C32,$D32),$V:$V,U:U,"",0)) | E32: =IF(C32="","",_xlfn.XLOOKUP(C32,$Q$6:$Q$100,$R$6:$R$100,"",0)) | F32: =IF($C32="","",_xlfn.XLOOKUP(_xlfn.CONCAT($C32,$D32),$V:$V,W:W,"",0)) | G32: =IF($C32="","",_xlfn.XLOOKUP(_xlfn.CONCAT($C32,$D32),$V:$V,X:X,"",0)) | H32: =IF($C32="","",_xlfn.XLOOKUP(_xlfn.CONCAT($C32,$D32),$V:$V,Y:Y,"",0)) | I32: =IF($C32="","",_xlfn.XLOOKUP(_xlfn.CONCAT($C32,$D32),$V:$V,Z:Z,"",0)) | J32: =IF($C32="","",_xlfn.XLOOKUP(_xlfn.CONCAT($C32,$D32),$V:$V,AA:AA,"",0)) | K32: =IF($C32="","",_xlfn.XLOOKUP(_xlfn.CONCAT($C32,$D32),$V:$V,AB:AB,"",0)) | L32: =IF($C32="","",_xlfn.XLOOKUP(_xlfn.CONCAT($C32,$D32),$V:$V,AC:AC,"",0)) | M32: {=_xlfn.LET(_xlpm.퇴실일, _xlfn.XLOOKUP(_xlfn.CONCAT(C32,D32),■퇴실정보!$B$4:$B$1000&■퇴실정보!$C$4:$C$1000,■퇴실정보!$E$4:$E$1000,0,0,-1),IF(TODAY()-_xlpm.퇴실일>1000,"",TODAY()-_xlpm.퇴실일))} | N32: {=IF($C32="","",_xlfn.XLOOKUP(_xlfn.CONCAT($C32,$D32),◆관리정보!$B:$B & ◆관리정보!$C:$C,◆관리정보!$J:$J))} | Q32: 집현전빌딩 | R32: OPEN | U32: 20 | V32: 아페이론201 | W32: 125 | X32: 125 | Y32: 120 | Z32: 8 | AA32: 2.5 | AB32: 2.5 | AC32: 18 | AD32: 원룸
A33: =IF($C33="","",_xlfn.XLOOKUP(_xlfn.CONCAT($C33,$D33),$V:$V,T:T,"",0)) | B33: =IF($C33="","",_xlfn.XLOOKUP(_xlfn.CONCAT($C33,$D33),$V:$V,U:U,"",0)) | E33: =IF(C33="","",_xlfn.XLOOKUP(C33,$Q$6:$Q$100,$R$6:$R$100,"",0)) | F33: =IF($C33="","",_xlfn.XLOOKUP(_xlfn.CONCAT($C33,$D33),$V:$V,W:W,"",0)) | G33: =IF($C33="","",_xlfn.XLOOKUP(_xlfn.CONCAT($C33,$D33),$V:$V,X:X,"",0)) | H33: =IF($C33="","",_xlfn.XLOOKUP(_xlfn.CONCAT($C33,$D33),$V:$V,Y:Y,"",0)) | I33: =IF($C33="","",_xlfn.XLOOKUP(_xlfn.CONCAT($C33,$D33),$V:$V,Z:Z,"",0)) | J33: =IF($C33="","",_xlfn.XLOOKUP(_xlfn.CONCAT($C33,$D33),$V:$V,AA:AA,"",0)) | K33: =IF($C33="","",_xlfn.XLOOKUP(_xlfn.CONCAT($C33,$D33),$V:$V,AB:AB,"",0)) | L33: =IF($C33="","",_xlfn.XLOOKUP(_xlfn.CONCAT($C33,$D33),$V:$V,AC:AC,"",0)) | M33: {=_xlfn.LET(_xlpm.퇴실일, _xlfn.XLOOKUP(_xlfn.CONCAT(C33,D33),■퇴실정보!$B$4:$B$1000&■퇴실정보!$C$4:$C$1000,■퇴실정보!$E$4:$E$1000,0,0,-1),IF(TODAY()-_xlpm.퇴실일>1000,"",TODAY()-_xlpm.퇴실일))} | N33: {=IF($C33="","",_xlfn.XLOOKUP(_xlfn.CONCAT($C33,$D33),◆관리정보!$B:$B & ◆관리정보!$C:$C,◆관리정보!$J:$J))} | Q33: 이례빌딩 | R33: OPEN | U33: 20 | V33: 아페이론202 | W33: 125 | X33: 125 | Y33: 120 | Z33: 8 | AA33: 2.5 | AB33: 2.5 | AC33: 18 | AD33: 원룸
A34: =IF($C34="","",_xlfn.XLOOKUP(_xlfn.CONCAT($C34,$D34),$V:$V,T:T,"",0)) | B34: =IF($C34="","",_xlfn.XLOOKUP(_xlfn.CONCAT($C34,$D34),$V:$V,U:U,"",0)) | E34: =IF(C34="","",_xlfn.XLOOKUP(C34,$Q$6:$Q$100,$R$6:$R$100,"",0)) | F34: =IF($C34="","",_xlfn.XLOOKUP(_xlfn.CONCAT($C34,$D34),$V:$V,W:W,"",0)) | G34: =IF($C34="","",_xlfn.XLOOKUP(_xlfn.CONCAT($C34,$D34),$V:$V,X:X,"",0)) | H34: =IF($C34="","",_xlfn.XLOOKUP(_xlfn.CONCAT($C34,$D34),$V:$V,Y:Y,"",0)) | I34: =IF($C34="","",_xlfn.XLOOKUP(_xlfn.CONCAT($C34,$D34),$V:$V,Z:Z,"",0)) | J34: =IF($C34="","",_xlfn.XLOOKUP(_xlfn.CONCAT($C34,$D34),$V:$V,AA:AA,"",0)) | K34: =IF($C34="","",_xlfn.XLOOKUP(_xlfn.CONCAT($C34,$D34),$V:$V,AB:AB,"",0)) | L34: =IF($C34="","",_xlfn.XLOOKUP(_xlfn.CONCAT($C34,$D34),$V:$V,AC:AC,"",0)) | M34: {=_xlfn.LET(_xlpm.퇴실일, _xlfn.XLOOKUP(_xlfn.CONCAT(C34,D34),■퇴실정보!$B$4:$B$1000&■퇴실정보!$C$4:$C$1000,■퇴실정보!$E$4:$E$1000,0,0,-1),IF(TODAY()-_xlpm.퇴실일>1000,"",TODAY()-_xlpm.퇴실일))} | N34: {=IF($C34="","",_xlfn.XLOOKUP(_xlfn.CONCAT($C34,$D34),◆관리정보!$B:$B & ◆관리정보!$C:$C,◆관리정보!$J:$J))} | Q34: KMC코리아 | R34: OPEN | U34: 20 | V34: 아페이론203 | W34: 125 | X34: 125 | Y34: 120 | Z34: 8 | AA34: 2.5 | AB34: 2.5 | AC34: 18 | AD34: 원룸
A35: =IF($C35="","",_xlfn.XLOOKUP(_xlfn.CONCAT($C35,$D35),$V:$V,T:T,"",0)) | B35: =IF($C35="","",_xlfn.XLOOKUP(_xlfn.CONCAT($C35,$D35),$V:$V,U:U,"",0)) | E35: =IF(C35="","",_xlfn.XLOOKUP(C35,$Q$6:$Q$100,$R$6:$R$100,"",0)) | F35: =IF($C35="","",_xlfn.XLOOKUP(_xlfn.CONCAT($C35,$D35),$V:$V,W:W,"",0)) | G35: =IF($C35="","",_xlfn.XLOOKUP(_xlfn.CONCAT($C35,$D35),$V:$V,X:X,"",0)) | H35: =IF($C35="","",_xlfn.XLOOKUP(_xlfn.CONCAT($C35,$D35),$V:$V,Y:Y,"",0)) | I35: =IF($C35="","",_xlfn.XLOOKUP(_xlfn.CONCAT($C35,$D35),$V:$V,Z:Z,"",0)) | J35: =IF($C35="","",_xlfn.XLOOKUP(_xlfn.CONCAT($C35,$D35),$V:$V,AA:AA,"",0)) | K35: =IF($C35="","",_xlfn.XLOOKUP(_xlfn.CONCAT($C35,$D35),$V:$V,AB:AB,"",0)) | L35: =IF($C35="","",_xlfn.XLOOKUP(_xlfn.CONCAT($C35,$D35),$V:$V,AC:AC,"",0)) | M35: {=_xlfn.LET(_xlpm.퇴실일, _xlfn.XLOOKUP(_xlfn.CONCAT(C35,D35),■퇴실정보!$B$4:$B$1000&■퇴실정보!$C$4:$C$1000,■퇴실정보!$E$4:$E$1000,0,0,-1),IF(TODAY()-_xlpm.퇴실일>1000,"",TODAY()-_xlpm.퇴실일))} | N35: {=IF($C35="","",_xlfn.XLOOKUP(_xlfn.CONCAT($C35,$D35),◆관리정보!$B:$B & ◆관리정보!$C:$C,◆관리정보!$J:$J))} | Q35: 제이드하우스 | R35: 종 5323 | U35: 20 | V35: 아페이론204 | W35: 125 | X35: 125 | Y35: 120 | Z35: 8 | AA35: 2.5 | AB35: 2.5 | AC35: 18 | AD35: 원룸
A36: =IF($C36="","",_xlfn.XLOOKUP(_xlfn.CONCAT($C36,$D36),$V:$V,T:T,"",0)) | B36: =IF($C36="","",_xlfn.XLOOKUP(_xlfn.CONCAT($C36,$D36),$V:$V,U:U,"",0)) | E36: =IF(C36="","",_xlfn.XLOOKUP(C36,$Q$6:$Q$100,$R$6:$R$100,"",0)) | F36: =IF($C36="","",_xlfn.XLOOKUP(_xlfn.CONCAT($C36,$D36),$V:$V,W:W,"",0)) | G36: =IF($C36="","",_xlfn.XLOOKUP(_xlfn.CONCAT($C36,$D36),$V:$V,X:X,"",0)) | H36: =IF($C36="","",_xlfn.XLOOKUP(_xlfn.CONCAT($C36,$D36),$V:$V,Y:Y,"",0)) | I36: =IF($C36="","",_xlfn.XLOOKUP(_xlfn.CONCAT($C36,$D36),$V:$V,Z:Z,"",0)) | J36: =IF($C36="","",_xlfn.XLOOKUP(_xlfn.CONCAT($C36,$D36),$V:$V,AA:AA,"",0)) | K36: =IF($C36="","",_xlfn.XLOOKUP(_xlfn.CONCAT($C36,$D36),$V:$V,AB:AB,"",0)) | L36: =IF($C36="","",_xlfn.XLOOKUP(_xlfn.CONCAT($C36,$D36),$V:$V,AC:AC,"",0)) | M36: {=_xlfn.LET(_xlpm.퇴실일, _xlfn.XLOOKUP(_xlfn.CONCAT(C36,D36),■퇴실정보!$B$4:$B$1000&■퇴실정보!$C$4:$C$1000,■퇴실정보!$E$4:$E$1000,0,0,-1),IF(TODAY()-_xlpm.퇴실일>1000,"",TODAY()-_xlpm.퇴실일))} | N36: {=IF($C36="","",_xlfn.XLOOKUP(_xlfn.CONCAT($C36,$D36),◆관리정보!$B:$B & ◆관리정보!$C:$C,◆관리정보!$J:$J))} | Q36: 유석빌딩 | R36: 1565* | U36: 20 | V36: 아페이론205 | W36: 125 | X36: 125 | Y36: 120 | Z36: 8 | AA36: 2.5 | AB36: 2.5 | AC36: 18 | AD36: 원룸
A37: =IF($C37="","",_xlfn.XLOOKUP(_xlfn.CONCAT($C37,$D37),$V:$V,T:T,"",0)) | B37: =IF($C37="","",_xlfn.XLOOKUP(_xlfn.CONCAT($C37,$D37),$V:$V,U:U,"",0)) | E37: =IF(C37="","",_xlfn.XLOOKUP(C37,$Q$6:$Q$100,$R$6:$R$100,"",0)) | F37: =IF($C37="","",_xlfn.XLOOKUP(_xlfn.CONCAT($C37,$D37),$V:$V,W:W,"",0)) | G37: =IF($C37="","",_xlfn.XLOOKUP(_xlfn.CONCAT($C37,$D37),$V:$V,X:X,"",0)) | H37: =IF($C37="","",_xlfn.XLOOKUP(_xlfn.CONCAT($C37,$D37),$V:$V,Y:Y,"",0)) | I37: =IF($C37="","",_xlfn.XLOOKUP(_xlfn.CONCAT($C37,$D37),$V:$V,Z:Z,"",0)) | J37: =IF($C37="","",_xlfn.XLOOKUP(_xlfn.CONCAT($C37,$D37),$V:$V,AA:AA,"",0)) | K37: =IF($C37="","",_xlfn.XLOOKUP(_xlfn.CONCAT($C37,$D37),$V:$V,AB:AB,"",0)) | L37: =IF($C37="","",_xlfn.XLOOKUP(_xlfn.CONCAT($C37,$D37),$V:$V,AC:AC,"",0)) | M37: {=_xlfn.LET(_xlpm.퇴실일, _xlfn.XLOOKUP(_xlfn.CONCAT(C37,D37),■퇴실정보!$B$4:$B$1000&■퇴실정보!$C$4:$C$1000,■퇴실정보!$E$4:$E$1000,0,0,-1),IF(TODAY()-_xlpm.퇴실일>1000,"",TODAY()-_xlpm.퇴실일))} | N37: {=IF($C37="","",_xlfn.XLOOKUP(_xlfn.CONCAT($C37,$D37),◆관리정보!$B:$B & ◆관리정보!$C:$C,◆관리정보!$J:$J))} | U37: 10 | V37: 다존하우스201 | W37: 50 | X37: 50 | Y37: 50 | Z37: 7 | AA37: 포함 | AB37: 포함 | AC37: 8 | AD37: 원룸
A38: =IF($C38="","",_xlfn.XLOOKUP(_xlfn.CONCAT($C38,$D38),$V:$V,T:T,"",0)) | B38: =IF($C38="","",_xlfn.XLOOKUP(_xlfn.CONCAT($C38,$D38),$V:$V,U:U,"",0)) | E38: =IF(C38="","",_xlfn.XLOOKUP(C38,$Q$6:$Q$100,$R$6:$R$100,"",0)) | F38: =IF($C38="","",_xlfn.XLOOKUP(_xlfn.CONCAT($C38,$D38),$V:$V,W:W,"",0)) | G38: =IF($C38="","",_xlfn.XLOOKUP(_xlfn.CONCAT($C38,$D38),$V:$V,X:X,"",0)) | H38: =IF($C38="","",_xlfn.XLOOKUP(_xlfn.CONCAT($C38,$D38),$V:$V,Y:Y,"",0)) | I38: =IF($C38="","",_xlfn.XLOOKUP(_xlfn.CONCAT($C38,$D38),$V:$V,Z:Z,"",0)) | J38: =IF($C38="","",_xlfn.XLOOKUP(_xlfn.CONCAT($C38,$D38),$V:$V,AA:AA,"",0)) | K38: =IF($C38="","",_xlfn.XLOOKUP(_xlfn.CONCAT($C38,$D38),$V:$V,AB:AB,"",0)) | L38: =IF($C38="","",_xlfn.XLOOKUP(_xlfn.CONCAT($C38,$D38),$V:$V,AC:AC,"",0)) | M38: {=_xlfn.LET(_xlpm.퇴실일, _xlfn.XLOOKUP(_xlfn.CONCAT(C38,D38),■퇴실정보!$B$4:$B$1000&■퇴실정보!$C$4:$C$1000,■퇴실정보!$E$4:$E$1000,0,0,-1),IF(TODAY()-_xlpm.퇴실일>1000,"",TODAY()-_xlpm.퇴실일))} | N38: {=IF($C38="","",_xlfn.XLOOKUP(_xlfn.CONCAT($C38,$D38),◆관리정보!$B:$B & ◆관리정보!$C:$C,◆관리정보!$J:$J))} | U38: 10 | V38: 다존하우스202 | W38: 50 | X38: 50 | Y38: 50 | Z38: 7 | AA38: 포함 | AB38: 포함 | AC38: 8 | AD38: 원룸
A39: =IF($C39="","",_xlfn.XLOOKUP(_xlfn.CONCAT($C39,$D39),$V:$V,T:T,"",0)) | B39: =IF($C39="","",_xlfn.XLOOKUP(_xlfn.CONCAT($C39,$D39),$V:$V,U:U,"",0)) | E39: =IF(C39="","",_xlfn.XLOOKUP(C39,$Q$6:$Q$100,$R$6:$R$100,"",0)) | F39: =IF($C39="","",_xlfn.XLOOKUP(_xlfn.CONCAT($C39,$D39),$V:$V,W:W,"",0)) | G39: =IF($C39="","",_xlfn.XLOOKUP(_xlfn.CONCAT($C39,$D39),$V:$V,X:X,"",0)) | H39: =IF($C39="","",_xlfn.XLOOKUP(_xlfn.CONCAT($C39,$D39),$V:$V,Y:Y,"",0)) | I39: =IF($C39="","",_xlfn.XLOOKUP(_xlfn.CONCAT($C39,$D39),$V:$V,Z:Z,"",0)) | J39: =IF($C39="","",_xlfn.XLOOKUP(_xlfn.CONCAT($C39,$D39),$V:$V,AA:AA,"",0)) | K39: =IF($C39="","",_xlfn.XLOOKUP(_xlfn.CONCAT($C39,$D39),$V:$V,AB:AB,"",0)) | L39: =IF($C39="","",_xlfn.XLOOKUP(_xlfn.CONCAT($C39,$D39),$V:$V,AC:AC,"",0)) | M39: {=_xlfn.LET(_xlpm.퇴실일, _xlfn.XLOOKUP(_xlfn.CONCAT(C39,D39),■퇴실정보!$B$4:$B$1000&■퇴실정보!$C$4:$C$1000,■퇴실정보!$E$4:$E$1000,0,0,-1),IF(TODAY()-_xlpm.퇴실일>1000,"",TODAY()-_xlpm.퇴실일))} | N39: {=IF($C39="","",_xlfn.XLOOKUP(_xlfn.CONCAT($C39,$D39),◆관리정보!$B:$B & ◆관리정보!$C:$C,◆관리정보!$J:$J))} | U39: 10 | V39: 다존하우스203 | W39: 50 | X39: 50 | Y39: 50 | Z39: 7 | AA39: 포함 | AB39: 포함 | AC39: 8 | AD39: 원룸
A40: =IF($C40="","",_xlfn.XLOOKUP(_xlfn.CONCAT($C40,$D40),$V:$V,T:T,"",0)) | B40: =IF($C40="","",_xlfn.XLOOKUP(_xlfn.CONCAT($C40,$D40),$V:$V,U:U,"",0)) | E40: =IF(C40="","",_xlfn.XLOOKUP(C40,$Q$6:$Q$100,$R$6:$R$100,"",0)) | F40: =IF($C40="","",_xlfn.XLOOKUP(_xlfn.CONCAT($C40,$D40),$V:$V,W:W,"",0)) | G40: =IF($C40="","",_xlfn.XLOOKUP(_xlfn.CONCAT($C40,$D40),$V:$V,X:X,"",0)) | H40: =IF($C40="","",_xlfn.XLOOKUP(_xlfn.CONCAT($C40,$D40),$V:$V,Y:Y,"",0)) | I40: =IF($C40="","",_xlfn.XLOOKUP(_xlfn.CONCAT($C40,$D40),$V:$V,Z:Z,"",0)) | J40: =IF($C40="","",_xlfn.XLOOKUP(_xlfn.CONCAT($C40,$D40),$V:$V,AA:AA,"",0)) | K40: =IF($C40="","",_xlfn.XLOOKUP(_xlfn.CONCAT($C40,$D40),$V:$V,AB:AB,"",0)) | L40: =IF($C40="","",_xlfn.XLOOKUP(_xlfn.CONCAT($C40,$D40),$V:$V,AC:AC,"",0)) | M40: {=_xlfn.LET(_xlpm.퇴실일, _xlfn.XLOOKUP(_xlfn.CONCAT(C40,D40),■퇴실정보!$B$4:$B$1000&■퇴실정보!$C$4:$C$1000,■퇴실정보!$E$4:$E$1000,0,0,-1),IF(TODAY()-_xlpm.퇴실일>1000,"",TODAY()-_xlpm.퇴실일))} | N40: {=IF($C40="","",_xlfn.XLOOKUP(_xlfn.CONCAT($C40,$D40),◆관리정보!$B:$B & ◆관리정보!$C:$C,◆관리정보!$J:$J))} | U40: 10 | V40: 다존하우스205 | W40: 50 | X40: 50 | Y40: 50 | Z40: 7 | AA40: 포함 | AB40: 포함 | AC40: 8 | AD40: 원룸
A41: =IF($C41="","",_xlfn.XLOOKUP(_xlfn.CONCAT($C41,$D41),$V:$V,T:T,"",0)) | B41: =IF($C41="","",_xlfn.XLOOKUP(_xlfn.CONCAT($C41,$D41),$V:$V,U:U,"",0)) | E41: =IF(C41="","",_xlfn.XLOOKUP(C41,$Q$6:$Q$100,$R$6:$R$100,"",0)) | F41: =IF($C41="","",_xlfn.XLOOKUP(_xlfn.CONCAT($C41,$D41),$V:$V,W:W,"",0)) | G41: =IF($C41="","",_xlfn.XLOOKUP(_xlfn.CONCAT($C41,$D41),$V:$V,X:X,"",0)) | H41: =IF($C41="","",_xlfn.XLOOKUP(_xlfn.CONCAT($C41,$D41),$V:$V,Y:Y,"",0)) | I41: =IF($C41="","",_xlfn.XLOOKUP(_xlfn.CONCAT($C41,$D41),$V:$V,Z:Z,"",0)) | J41: =IF($C41="","",_xlfn.XLOOKUP(_xlfn.CONCAT($C41,$D41),$V:$V,AA:AA,"",0)) | K41: =IF($C41="","",_xlfn.XLOOKUP(_xlfn.CONCAT($C41,$D41),$V:$V,AB:AB,"",0)) | L41: =IF($C41="","",_xlfn.XLOOKUP(_xlfn.CONCAT($C41,$D41),$V:$V,AC:AC,"",0)) | M41: {=_xlfn.LET(_xlpm.퇴실일, _xlfn.XLOOKUP(_xlfn.CONCAT(C41,D41),■퇴실정보!$B$4:$B$1000&■퇴실정보!$C$4:$C$1000,■퇴실정보!$E$4:$E$1000,0,0,-1),IF(TODAY()-_xlpm.퇴실일>1000,"",TODAY()-_xlpm.퇴실일))} | N41: {=IF($C41="","",_xlfn.XLOOKUP(_xlfn.CONCAT($C41,$D41),◆관리정보!$B:$B & ◆관리정보!$C:$C,◆관리정보!$J:$J))} | U41: 10 | V41: 다존하우스206 | W41: 50 | X41: 50 | Y41: 50 | Z41: 7 | AA41: 포함 | AB41: 포함 | AC41: 8 | AD41: 원룸
A42: =IF($C42="","",_xlfn.XLOOKUP(_xlfn.CONCAT($C42,$D42),$V:$V,T:T,"",0)) | B42: =IF($C42="","",_xlfn.XLOOKUP(_xlfn.CONCAT($C42,$D42),$V:$V,U:U,"",0)) | E42: =IF(C42="","",_xlfn.XLOOKUP(C42,$Q$6:$Q$100,$R$6:$R$100,"",0)) | F42: =IF($C42="","",_xlfn.XLOOKUP(_xlfn.CONCAT($C42,$D42),$V:$V,W:W,"",0)) | G42: =IF($C42="","",_xlfn.XLOOKUP(_xlfn.CONCAT($C42,$D42),$V:$V,X:X,"",0)) | H42: =IF($C42="","",_xlfn.XLOOKUP(_xlfn.CONCAT($C42,$D42),$V:$V,Y:Y,"",0)) | I42: =IF($C42="","",_xlfn.XLOOKUP(_xlfn.CONCAT($C42,$D42),$V:$V,Z:Z,"",0)) | J42: =IF($C42="","",_xlfn.XLOOKUP(_xlfn.CONCAT($C42,$D42),$V:$V,AA:AA,"",0)) | K42: =IF($C42="","",_xlfn.XLOOKUP(_xlfn.CONCAT($C42,$D42),$V:$V,AB:AB,"",0)) | L42: =IF($C42="","",_xlfn.XLOOKUP(_xlfn.CONCAT($C42,$D42),$V:$V,AC:AC,"",0)) | M42: {=_xlfn.LET(_xlpm.퇴실일, _xlfn.XLOOKUP(_xlfn.CONCAT(C42,D42),■퇴실정보!$B$4:$B$1000&■퇴실정보!$C$4:$C$1000,■퇴실정보!$E$4:$E$1000,0,0,-1),IF(TODAY()-_xlpm.퇴실일>1000,"",TODAY()-_xlpm.퇴실일))} | N42: {=IF($C42="","",_xlfn.XLOOKUP(_xlfn.CONCAT($C42,$D42),◆관리정보!$B:$B & ◆관리정보!$C:$C,◆관리정보!$J:$J))} | V42: 다존하우스207 | AD42: 원룸
A43: =IF($C43="","",_xlfn.XLOOKUP(_xlfn.CONCAT($C43,$D43),$V:$V,T:T,"",0)) | B43: =IF($C43="","",_xlfn.XLOOKUP(_xlfn.CONCAT($C43,$D43),$V:$V,U:U,"",0)) | E43: =IF(C43="","",_xlfn.XLOOKUP(C43,$Q$6:$Q$100,$R$6:$R$100,"",0)) | F43: =IF($C43="","",_xlfn.XLOOKUP(_xlfn.CONCAT($C43,$D43),$V:$V,W:W,"",0)) | G43: =IF($C43="","",_xlfn.XLOOKUP(_xlfn.CONCAT($C43,$D43),$V:$V,X:X,"",0)) | H43: =IF($C43="","",_xlfn.XLOOKUP(_xlfn.CONCAT($C43,$D43),$V:$V,Y:Y,"",0)) | I43: =IF($C43="","",_xlfn.XLOOKUP(_xlfn.CONCAT($C43,$D43),$V:$V,Z:Z,"",0)) | J43: =IF($C43="","",_xlfn.XLOOKUP(_xlfn.CONCAT($C43,$D43),$V:$V,AA:AA,"",0)) | K43: =IF($C43="","",_xlfn.XLOOKUP(_xlfn.CONCAT($C43,$D43),$V:$V,AB:AB,"",0)) | L43: =IF($C43="","",_xlfn.XLOOKUP(_xlfn.CONCAT($C43,$D43),$V:$V,AC:AC,"",0)) | M43: {=_xlfn.LET(_xlpm.퇴실일, _xlfn.XLOOKUP(_xlfn.CONCAT(C43,D43),■퇴실정보!$B$4:$B$1000&■퇴실정보!$C$4:$C$1000,■퇴실정보!$E$4:$E$1000,0,0,-1),IF(TODAY()-_xlpm.퇴실일>1000,"",TODAY()-_xlpm.퇴실일))} | N43: {=IF($C43="","",_xlfn.XLOOKUP(_xlfn.CONCAT($C43,$D43),◆관리정보!$B:$B & ◆관리정보!$C:$C,◆관리정보!$J:$J))} | U43: 10 | V43: 다존하우스208 | W43: 50 | X43: 50 | Y43: 50 | Z43: 7 | AA43: 포함 | AB43: 포함 | AC43: 8 | AD43: 원룸
A44: =IF($C44="","",_xlfn.XLOOKUP(_xlfn.CONCAT($C44,$D44),$V:$V,T:T,"",0)) | B44: =IF($C44="","",_xlfn.XLOOKUP(_xlfn.CONCAT($C44,$D44),$V:$V,U:U,"",0)) | E44: =IF(C44="","",_xlfn.XLOOKUP(C44,$Q$6:$Q$100,$R$6:$R$100,"",0)) | F44: =IF($C44="","",_xlfn.XLOOKUP(_xlfn.CONCAT($C44,$D44),$V:$V,W:W,"",0)) | G44: =IF($C44="","",_xlfn.XLOOKUP(_xlfn.CONCAT($C44,$D44),$V:$V,X:X,"",0)) | H44: =IF($C44="","",_xlfn.XLOOKUP(_xlfn.CONCAT($C44,$D44),$V:$V,Y:Y,"",0)) | I44: =IF($C44="","",_xlfn.XLOOKUP(_xlfn.CONCAT($C44,$D44),$V:$V,Z:Z,"",0)) | J44: =IF($C44="","",_xlfn.XLOOKUP(_xlfn.CONCAT($C44,$D44),$V:$V,AA:AA,"",0)) | K44: =IF($C44="","",_xlfn.XLOOKUP(_xlfn.CONCAT($C44,$D44),$V:$V,AB:AB,"",0)) | L44: =IF($C44="","",_xlfn.XLOOKUP(_xlfn.CONCAT($C44,$D44),$V:$V,AC:AC,"",0)) | M44: {=_xlfn.LET(_xlpm.퇴실일, _xlfn.XLOOKUP(_xlfn.CONCAT(C44,D44),■퇴실정보!$B$4:$B$1000&■퇴실정보!$C$4:$C$1000,■퇴실정보!$E$4:$E$1000,0,0,-1),IF(TODAY()-_xlpm.퇴실일>1000,"",TODAY()-_xlpm.퇴실일))} | N44: {=IF($C44="","",_xlfn.XLOOKUP(_xlfn.CONCAT($C44,$D44),◆관리정보!$B:$B & ◆관리정보!$C:$C,◆관리정보!$J:$J))} | U44: 10 | V44: 다존하우스209 | W44: 50 | X44: 50 | Y44: 50 | Z44: 7 | AA44: 포함 | AB44: 포함 | AC44: 8 | AD44: 원룸
A45: =IF($C45="","",_xlfn.XLOOKUP(_xlfn.CONCAT($C45,$D45),$V:$V,T:T,"",0)) | B45: =IF($C45="","",_xlfn.XLOOKUP(_xlfn.CONCAT($C45,$D45),$V:$V,U:U,"",0)) | E45: =IF(C45="","",_xlfn.XLOOKUP(C45,$Q$6:$Q$100,$R$6:$R$100,"",0)) | F45: =IF($C45="","",_xlfn.XLOOKUP(_xlfn.CONCAT($C45,$D45),$V:$V,W:W,"",0)) | G45: =IF($C45="","",_xlfn.XLOOKUP(_xlfn.CONCAT($C45,$D45),$V:$V,X:X,"",0)) | H45: =IF($C45="","",_xlfn.XLOOKUP(_xlfn.CONCAT($C45,$D45),$V:$V,Y:Y,"",0)) | I45: =IF($C45="","",_xlfn.XLOOKUP(_xlfn.CONCAT($C45,$D45),$V:$V,Z:Z,"",0)) | J45: =IF($C45="","",_xlfn.XLOOKUP(_xlfn.CONCAT($C45,$D45),$V:$V,AA:AA,"",0)) | K45: =IF($C45="","",_xlfn.XLOOKUP(_xlfn.CONCAT($C45,$D45),$V:$V,AB:AB,"",0)) | L45: =IF($C45="","",_xlfn.XLOOKUP(_xlfn.CONCAT($C45,$D45),$V:$V,AC:AC,"",0)) | M45: {=_xlfn.LET(_xlpm.퇴실일, _xlfn.XLOOKUP(_xlfn.CONCAT(C45,D45),■퇴실정보!$B$4:$B$1000&■퇴실정보!$C$4:$C$1000,■퇴실정보!$E$4:$E$1000,0,0,-1),IF(TODAY()-_xlpm.퇴실일>1000,"",TODAY()-_xlpm.퇴실일))} | N45: {=IF($C45="","",_xlfn.XLOOKUP(_xlfn.CONCAT($C45,$D45),◆관리정보!$B:$B & ◆관리정보!$C:$C,◆관리정보!$J:$J))} | V45: 다존하우스210 | AD45: 원룸(큰방)
A46: =IF($C46="","",_xlfn.XLOOKUP(_xlfn.CONCAT($C46,$D46),$V:$V,T:T,"",0)) | B46: =IF($C46="","",_xlfn.XLOOKUP(_xlfn.CONCAT($C46,$D46),$V:$V,U:U,"",0)) | E46: =IF(C46="","",_xlfn.XLOOKUP(C46,$Q$6:$Q$100,$R$6:$R$100,"",0)) | F46: =IF($C46="","",_xlfn.XLOOKUP(_xlfn.CONCAT($C46,$D46),$V:$V,W:W,"",0)) | G46: =IF($C46="","",_xlfn.XLOOKUP(_xlfn.CONCAT($C46,$D46),$V:$V,X:X,"",0)) | H46: =IF($C46="","",_xlfn.XLOOKUP(_xlfn.CONCAT($C46,$D46),$V:$V,Y:Y,"",0)) | I46: =IF($C46="","",_xlfn.XLOOKUP(_xlfn.CONCAT($C46,$D46),$V:$V,Z:Z,"",0)) | J46: =IF($C46="","",_xlfn.XLOOKUP(_xlfn.CONCAT($C46,$D46),$V:$V,AA:AA,"",0)) | K46: =IF($C46="","",_xlfn.XLOOKUP(_xlfn.CONCAT($C46,$D46),$V:$V,AB:AB,"",0)) | L46: =IF($C46="","",_xlfn.XLOOKUP(_xlfn.CONCAT($C46,$D46),$V:$V,AC:AC,"",0)) | M46: {=_xlfn.LET(_xlpm.퇴실일, _xlfn.XLOOKUP(_xlfn.CONCAT(C46,D46),■퇴실정보!$B$4:$B$1000&■퇴실정보!$C$4:$C$1000,■퇴실정보!$E$4:$E$1000,0,0,-1),IF(TODAY()-_xlpm.퇴실일>1000,"",TODAY()-_xlpm.퇴실일))} | N46: {=IF($C46="","",_xlfn.XLOOKUP(_xlfn.CONCAT($C46,$D46),◆관리정보!$B:$B & ◆관리정보!$C:$C,◆관리정보!$J:$J))} | U46: 10 | V46: 다존하우스301 | W46: 50 | X46: 50 | Y46: 50 | Z46: 7 | AA46: 포함 | AB46: 포함 | AC46: 8 | AD46: 원룸
A47: =IF($C47="","",_xlfn.XLOOKUP(_xlfn.CONCAT($C47,$D47),$V:$V,T:T,"",0)) | B47: =IF($C47="","",_xlfn.XLOOKUP(_xlfn.CONCAT($C47,$D47),$V:$V,U:U,"",0)) | E47: =IF(C47="","",_xlfn.XLOOKUP(C47,$Q$6:$Q$100,$R$6:$R$100,"",0)) | F47: =IF($C47="","",_xlfn.XLOOKUP(_xlfn.CONCAT($C47,$D47),$V:$V,W:W,"",0)) | G47: =IF($C47="","",_xlfn.XLOOKUP(_xlfn.CONCAT($C47,$D47),$V:$V,X:X,"",0)) | H47: =IF($C47="","",_xlfn.XLOOKUP(_xlfn.CONCAT($C47,$D47),$V:$V,Y:Y,"",0)) | I47: =IF($C47="","",_xlfn.XLOOKUP(_xlfn.CONCAT($C47,$D47),$V:$V,Z:Z,"",0)) | J47: =IF($C47="","",_xlfn.XLOOKUP(_xlfn.CONCAT($C47,$D47),$V:$V,AA:AA,"",0)) | K47: =IF($C47="","",_xlfn.XLOOKUP(_xlfn.CONCAT($C47,$D47),$V:$V,AB:AB,"",0)) | L47: =IF($C47="","",_xlfn.XLOOKUP(_xlfn.CONCAT($C47,$D47),$V:$V,AC:AC,"",0)) | M47: {=_xlfn.LET(_xlpm.퇴실일, _xlfn.XLOOKUP(_xlfn.CONCAT(C47,D47),■퇴실정보!$B$4:$B$1000&■퇴실정보!$C$4:$C$1000,■퇴실정보!$E$4:$E$1000,0,0,-1),IF(TODAY()-_xlpm.퇴실일>1000,"",TODAY()-_xlpm.퇴실일))} | N47: {=IF($C47="","",_xlfn.XLOOKUP(_xlfn.CONCAT($C47,$D47),◆관리정보!$B:$B & ◆관리정보!$C:$C,◆관리정보!$J:$J))} | U47: 10 | V47: 다존하우스302 | W47: 50 | X47: 50 | Y47: 50 | Z47: 7 | AA47: 포함 | AB47: 포함 | AC47: 8 | AD47: 원룸
A48: =IF($C48="","",_xlfn.XLOOKUP(_xlfn.CONCAT($C48,$D48),$V:$V,T:T,"",0)) | B48: =IF($C48="","",_xlfn.XLOOKUP(_xlfn.CONCAT($C48,$D48),$V:$V,U:U,"",0)) | E48: =IF(C48="","",_xlfn.XLOOKUP(C48,$Q$6:$Q$100,$R$6:$R$100,"",0)) | F48: =IF($C48="","",_xlfn.XLOOKUP(_xlfn.CONCAT($C48,$D48),$V:$V,W:W,"",0)) | G48: =IF($C48="","",_xlfn.XLOOKUP(_xlfn.CONCAT($C48,$D48),$V:$V,X:X,"",0)) | H48: =IF($C48="","",_xlfn.XLOOKUP(_xlfn.CONCAT($C48,$D48),$V:$V,Y:Y,"",0)) | I48: =IF($C48="","",_xlfn.XLOOKUP(_xlfn.CONCAT($C48,$D48),$V:$V,Z:Z,"",0)) | J48: =IF($C48="","",_xlfn.XLOOKUP(_xlfn.CONCAT($C48,$D48),$V:$V,AA:AA,"",0)) | K48: =IF($C48="","",_xlfn.XLOOKUP(_xlfn.CONCAT($C48,$D48),$V:$V,AB:AB,"",0)) | L48: =IF($C48="","",_xlfn.XLOOKUP(_xlfn.CONCAT($C48,$D48),$V:$V,AC:AC,"",0)) | M48: {=_xlfn.LET(_xlpm.퇴실일, _xlfn.XLOOKUP(_xlfn.CONCAT(C48,D48),■퇴실정보!$B$4:$B$1000&■퇴실정보!$C$4:$C$1000,■퇴실정보!$E$4:$E$1000,0,0,-1),IF(TODAY()-_xlpm.퇴실일>1000,"",TODAY()-_xlpm.퇴실일))} | N48: {=IF($C48="","",_xlfn.XLOOKUP(_xlfn.CONCAT($C48,$D48),◆관리정보!$B:$B & ◆관리정보!$C:$C,◆관리정보!$J:$J))} | U48: 10 | V48: 다존하우스303 | W48: 50 | X48: 50 | Y48: 50 | Z48: 7 | AA48: 포함 | AB48: 포함 | AC48: 8 | AD48: 원룸
A49: =IF($C49="","",_xlfn.XLOOKUP(_xlfn.CONCAT($C49,$D49),$V:$V,T:T,"",0)) | B49: =IF($C49="","",_xlfn.XLOOKUP(_xlfn.CONCAT($C49,$D49),$V:$V,U:U,"",0)) | E49: =IF(C49="","",_xlfn.XLOOKUP(C49,$Q$6:$Q$100,$R$6:$R$100,"",0)) | F49: =IF($C49="","",_xlfn.XLOOKUP(_xlfn.CONCAT($C49,$D49),$V:$V,W:W,"",0)) | G49: =IF($C49="","",_xlfn.XLOOKUP(_xlfn.CONCAT($C49,$D49),$V:$V,X:X,"",0)) | H49: =IF($C49="","",_xlfn.XLOOKUP(_xlfn.CONCAT($C49,$D49),$V:$V,Y:Y,"",0)) | I49: =IF($C49="","",_xlfn.XLOOKUP(_xlfn.CONCAT($C49,$D49),$V:$V,Z:Z,"",0)) | J49: =IF($C49="","",_xlfn.XLOOKUP(_xlfn.CONCAT($C49,$D49),$V:$V,AA:AA,"",0)) | K49: =IF($C49="","",_xlfn.XLOOKUP(_xlfn.CONCAT($C49,$D49),$V:$V,AB:AB,"",0)) | L49: =IF($C49="","",_xlfn.XLOOKUP(_xlfn.CONCAT($C49,$D49),$V:$V,AC:AC,"",0)) | M49: {=_xlfn.LET(_xlpm.퇴실일, _xlfn.XLOOKUP(_xlfn.CONCAT(C49,D49),■퇴실정보!$B$4:$B$1000&■퇴실정보!$C$4:$C$1000,■퇴실정보!$E$4:$E$1000,0,0,-1),IF(TODAY()-_xlpm.퇴실일>1000,"",TODAY()-_xlpm.퇴실일))} | N49: {=IF($C49="","",_xlfn.XLOOKUP(_xlfn.CONCAT($C49,$D49),◆관리정보!$B:$B & ◆관리정보!$C:$C,◆관리정보!$J:$J))} | U49: 10 | V49: 다존하우스305 | W49: 50 | X49: 50 | Y49: 50 | Z49: 7 | AA49: 포함 | AB49: 포함 | AC49: 8 | AD49: 원룸
A50: =IF($C50="","",_xlfn.XLOOKUP(_xlfn.CONCAT($C50,$D50),$V:$V,T:T,"",0)) | B50: =IF($C50="","",_xlfn.XLOOKUP(_xlfn.CONCAT($C50,$D50),$V:$V,U:U,"",0)) | E50: =IF(C50="","",_xlfn.XLOOKUP(C50,$Q$6:$Q$100,$R$6:$R$100,"",0)) | F50: =IF($C50="","",_xlfn.XLOOKUP(_xlfn.CONCAT($C50,$D50),$V:$V,W:W,"",0)) | G50: =IF($C50="","",_xlfn.XLOOKUP(_xlfn.CONCAT($C50,$D50),$V:$V,X:X,"",0)) | H50: =IF($C50="","",_xlfn.XLOOKUP(_xlfn.CONCAT($C50,$D50),$V:$V,Y:Y,"",0)) | I50: =IF($C50="","",_xlfn.XLOOKUP(_xlfn.CONCAT($C50,$D50),$V:$V,Z:Z,"",0)) | J50: =IF($C50="","",_xlfn.XLOOKUP(_xlfn.CONCAT($C50,$D50),$V:$V,AA:AA,"",0)) | K50: =IF($C50="","",_xlfn.XLOOKUP(_xlfn.CONCAT($C50,$D50),$V:$V,AB:AB,"",0)) | L50: =IF($C50="","",_xlfn.XLOOKUP(_xlfn.CONCAT($C50,$D50),$V:$V,AC:AC,"",0)) | M50: {=_xlfn.LET(_xlpm.퇴실일, _xlfn.XLOOKUP(_xlfn.CONCAT(C50,D50),■퇴실정보!$B$4:$B$1000&■퇴실정보!$C$4:$C$1000,■퇴실정보!$E$4:$E$1000,0,0,-1),IF(TODAY()-_xlpm.퇴실일>1000,"",TODAY()-_xlpm.퇴실일))} | N50: {=IF($C50="","",_xlfn.XLOOKUP(_xlfn.CONCAT($C50,$D50),◆관리정보!$B:$B & ◆관리정보!$C:$C,◆관리정보!$J:$J))} | U50: 10 | V50: 다존하우스306 | W50: 50 | X50: 50 | Y50: 50 | Z50: 7 | AA50: 포함 | AB50: 포함 | AC50: 8 | AD50: 원룸
V51: 다존하우스307 | AD51: 원룸
U52: 10 | V52: 다존하우스308 | W52: 50 | X52: 50 | Y52: 50 | Z52: 7 | AA52: 포함 | AB52: 포함 | AC52: 8 | AD52: 원룸
U53: 10 | V53: 다존하우스309 | W53: 50 | X53: 50 | Y53: 50 | Z53: 7 | AA53: 포함 | AB53: 포함 | AC53: 8 | AD53: 원룸
U54: 10 | V54: 다존하우스310 | W54: 55 | X54: 55 | Y54: 55 | Z54: 8 | AA54: 포함 | AB54: 포함 | AC54: 10 | AD54: 원룸(큰방)
U55: 10 | V55: 다존하우스501 | W55: 50 | X55: 50 | Y55: 50 | Z55: 7 | AA55: 포함 | AB55: 포함 | AC55: 8 | AD55: 원룸
U56: 10 | V56: 다존하우스502 | W56: 50 | X56: 50 | Y56: 50 | Z56: 7 | AA56: 포함 | AB56: 포함 | AC56: 8 | AD56: 원룸
U57: 10 | V57: 다존하우스503 | W57: 50 | X57: 50 | Y57: 50 | Z57: 7 | AA57: 포함 | AB57: 포함 | AC57: 8 | AD57: 원룸
U58: 10 | V58: 다존하우스505 | W58: 50 | X58: 50 | Y58: 50 | Z58: 7 | AA58: 포함 | AB58: 포함 | AC58: 8 | AD58: 원룸
U59: 10 | V59: 다존하우스506 | W59: 50 | X59: 50 | Y59: 50 | Z59: 7 | AA59: 포함 | AB59: 포함 | AC59: 8 | AD59: 원룸
V60: 다존하우스507 | AD60: 원룸
U61: 10 | V61: 다존하우스508 | W61: 50 | X61: 50 | Y61: 50 | Z61: 7 | AA61: 포함 | AB61: 포함 | AC61: 8 | AD61: 원룸
U62: 10 | V62: 다존하우스509 | W62: 55 | X62: 55 | Y62: 55 | Z62: 7 | AA62: 포함 | AB62: 포함 | AC62: 8 | AD62: 원룸(싱크대)
U63: 10 | V63: 다존하우스510 | W63: 55 | X63: 55 | Y63: 55 | Z63: 8 | AA63: 포함 | AB63: 포함 | AC63: 10 | AD63: 원룸(큰방)
U64: 10 | V64: 다존하우스601 | W64: 50 | X64: 50 | Y64: 50 | Z64: 7 | AA64: 포함 | AB64: 포함 | AC64: 8 | AD64: 원룸
U65: 10 | V65: 다존하우스602 | W65: 50 | X65: 50 | Y65: 50 | Z65: 7 | AA65: 포함 | AB65: 포함 | AC65: 8 | AD65: 원룸
U66: 10 | V66: 다존하우스603 | W66: 50 | X66: 50 | Y66: 50 | Z66: 7 | AA66: 포함 | AB66: 포함 | AC66: 8 | AD66: 원룸
U67: 10 | V67: 다존하우스605 | W67: 50 | X67: 50 | Y67: 50 | Z67: 7 | AA67: 포함 | AB67: 포함 | AC67: 8 | AD67: 원룸
U68: 10 | V68: 다존하우스606 | W68: 50 | X68: 50 | Y68: 50 | Z68: 7 | AA68: 포함 | AB68: 포함 | AC68: 8 | AD68: 원룸
U69: 10 | V69: 다존하우스607 | W69: 55 | X69: 55 | Y69: 55 | Z69: 8 | AA69: 포함 | AB69: 포함 | AC69: 10 | AD69: 원룸(큰방)
V70: W하우스1층
U71: 0.4 | V71: W하우스201 | W71: 2000 | X71: 280 | Y71: 280 | Z71: 20 | AA71: 별도 | AB71: 별도 | AD71: 사무실
V72: W하우스202
U73: 15 | V73: W하우스301 | W73: 135 | X73: 135 | Y73: 130 | Z73: 8 | AA73: 2.5 | AB73: 2.5 | AC73: 18 | AD73: 원룸
U74: 15 | V74: W하우스302 | W74: 135 | X74: 135 | Y74: 130 | Z74: 8 | AA74: 2.5 | AB74: 2.5 | AC74: 18 | AD74: 원룸
U75: 15 | V75: W하우스303 | W75: 135 | X75: 135 | Y75: 130 | Z75: 8 | AA75: 2.5 | AB75: 2.5 | AC75: 18 | AD75: 원룸
U76: 15 | V76: W하우스304 | W76: 135 | X76: 135 | Y76: 130 | Z76: 8 | AA76: 2.5 | AB76: 2.5 | AC76: 18 | AD76: 원룸
U77: 15 | V77: W하우스305 | W77: 135 | X77: 135 | Y77: 130 | Z77: 8 | AA77: 2.5 | AB77: 2.5 | AC77: 18 | AD77: 원룸
U78: 25 | V78: W하우스401 | W78: 235 | X78: 235 | Y78: 230 | Z78: 15 | AA78: 3 | AB78: 2.5 | AC78: 25 | AD78: 투룸
U79: 25 | V79: W하우스402 | W79: 235 | X79: 235 | Y79: 230 | Z79: 15 | AA79: 3 | AB79: 2.5 | AC79: 25 | AD79: 투룸
U80: 25 | V80: W하우스403 | W80: 235 | X80: 235 | Y80: 230 | Z80: 15 | AA80: 3 | AB80: 2.5 | AC80: 25 | AD80: 투룸
U81: 15 | V81: W하우스501 | W81: 135 | X81: 135 | Y81: 130 | Z81: 8 | AA81: 2.5 | AB81: 2.5 | AC81: 18 | AD81: 원룸
U82: 25 | V82: W하우스502 | W82: 235 | X82: 235 | Y82: 230 | Z82: 15 | AA82: 3 | AB82: 2.5 | AC82: 25 | AD82: 투룸
U83: 25 | V83: W하우스503 | W83: 235 | X83: 235 | Y83: 230 | Z83: 15 | AA83: 3 | AB83: 2.5 | AC83: 25 | AD83: 투룸
U84: 20 | V84: W하우스601 | W84: 195 | X84: 195 | Y84: 190 | Z84: 15 | AA84: 3 | AB84: 2.5 | AC84: 25 | AD84: 투룸
... U87: 15 | V87: W하우스7층 | W87: 85 | X87: 85 | Y87: 80 | Z87: 8 | AA87: 2.5 | AB87: 2.5 | AC87: 15 | AD87: 원룸
U88: 10 | V88: 포유빌창고 | W88: 60 | X88: 15 | Y88: 15 | Z88: 3 | AD88: 창고
U89: 16.5 | V89: 포유빌101 | W89: 105 | X89: 105 | Y89: 100 | Z89: 8 | AA89: 2.5 | AB89: 2.5 | AC89: 18 | AD89: 원룸
U90: 16.5 | V90: 포유빌201 | W90: 120 | X90: 115 | Y90: 110 | Z90: 8 | AA90: 2.5 | AB90: 2.5 | AC90: 18 | AD90: 원룸
U91: 16.5 | V91: 포유빌202 | W91: 120 | X91: 115 | Y91: 110 | Z91: 8 | AA91: 2.5 | AB91: 2.5 | AC91: 18 | AD91: 원룸
U92: 16.5 | V92: 포유빌301 | W92: 135 | X92: 135 | Y92: 130 | Z92: 8 | AA92: 2.5 | AB92: 2.5 | AC92: 18 | AD92: 분리형
U93: 22 | V93: 포유빌302 | W93: 165 | X93: 165 | Y93: 160 | Z93: 10 | AA93: 3 | AB93: 2.5 | AC93: 20 | AD93: 투룸
U94: 16.5 | V94: 포유빌401 | W94: 105 | X94: 105 | Y94: 100 | Z94: 8 | AA94: 2.5 | AB94: 2.5 | AC94: 18 | AD94: 원룸
U95: 16.5 | V95: 포유빌402 | W95: 105 | X95: 105 | Y95: 100 | Z95: 8 | AA95: 2.5 | AB95: 2.5 | AC95: 18 | AD95: 원룸
U96: 16.5 | V96: 포유빌403 | W96: 125 | X96: 125 | Y96: 120 | Z96: 8 | AA96: 2.5 | AB96: 2.5 | AC96: 18 | AD96: 복층원룸
U97: 16.5 | V97: 포유빌501 | W97: 135 | X97: 135 | Y97: 130 | Z97: 8 | AA97: 2.5 | AB97: 2.5 | AC97: 20 | AD97: 분리테라스
U98: 11 | V98: 미래홈101 | W98: 50 | X98: 30 | Y98: 30 | Z98: 7 | AA98: 포함 | AB98: 포함 | AC98: 10 | AD98: 원룸
U99: 11 | V99: 미래홈102 | W99: 50 | X99: 30 | Y99: 30 | Z99: 7 | AA99: 포함 | AB99: 포함 | AC99: 10 | AD99: 원룸
U100: 11 | V100: 미래홈103 | W100: 50 | X100: 35 | Y100: 35 | Z100: 7 | AA100: 포함 | AB100: 포함 | AC100: 10 | AD100: 원룸
U101: 11 | V101: 미래홈104 | W101: 50 | X101: 35 | Y101: 35 | Z101: 7 | AA101: 포함 | AB101: 포함 | AC101: 10 | AD101: 원룸
U102: 11 | V102: 미래홈105 | W102: 50 | X102: 38 | Y102: 38 | Z102: 7 | AA102: 포함 | AB102: 포함 | AC102: 10 | AD102: 원룸
...

Sheet 관리건물_목록
A1: {=_xlfn.UNIQUE(_xlfn._xlws.FILTER(■입주정보!B4:B1000,TRIM(■입주정보!B4:B1000<>"")))} -> 제이앤제이
A2: 스타빌
A3: 아페이론
A4: 다존하우스
A5: W하우스
A6: 포유빌
A7: 미래홈
A8: 굿모닝빌
A9: 모닝빌
A10: 에덴빌
A11: 와이원빈티지
A12: 한스텔
A13: 지앤지2
... A42: 평해빌딩

Sheet ■퇴실정보
A2: 번호 | B2: 건물명 | C2: 호실 | D2: 코드명 | E2: 퇴실일 | F2: 전기지침 | G2: 가스지침 | H2: 이름 | I2: 입주일 | J2: 만기일 | K2: 예치금 | L2: 임대료 | M2: 관리비 | N2: 퇴실청소비 | O2: 중개수수료 | P2: 주차
A3: 1 | B3: 2 | C3: 3 | D3: 4 | E3: 5 | F3: 6 | G3: 7 | H3: 8 | I3: 9 | J3: 10 | K3: 11 | L3: 12 | M3: 13 | N3: 14 | O3: 15 | P3: 16
A4: 1 | B4: 에덴빌 | C4: 201 | D4: =_xlfn.CONCAT(B4,C4) -> 에덴빌201 | E4: 45743 | F4: 2659 | G4: 4031 | H4: 최유진 | I4: 43217 | J4: 43307 | K4: 900000 | L4: 900000 | M4: 60000 | N4: 100000 | O4: 150000
A5: 2 | B5: 토브미하우스 | C5: 203 | D5: =_xlfn.CONCAT(B5,C5) -> 토브미하우스203 | E5: 45914 | F5: 12718 | G5: 317 | H5: 조윤지 | I5: 45853 | J5: 45944 | K5: 1650000 | L5: 1650000 | M5: 100000 | N5: 200000 | O5: 200000
A6: 3 | B6: 스타빌 | C6: 102 | D6: =_xlfn.CONCAT(B6,C6) -> 스타빌102 | E6: 45915 | F6: 1647 | G6: 1514 | H6: 선경환 | I6: 45787 | J6: 45878 | K6: 600000 | L6: 600000 | M6: 80000 | N6: 100000 | O6: 100000
A7: 4 | B7: 다존하우스 | C7: 603 | D7: =_xlfn.CONCAT(B7,C7) -> 다존하우스603 | E7: 45916 | F7: 9353 | G7: 347 | H7: 탁지연 | I7: 45368 | J7: 45459 | K7: 500000 | L7: 400000 | M7: 70000 | N7: 80000 | O7: 100000
A8: 5 | B8: W하우스 | C8: 303 | D8: =_xlfn.CONCAT(B8,C8) -> W하우스303 | E8: 45916 | F8: 1110 | G8: 1561 | H8: 최미주 | I8: 45602 | J8: 45782 | K8: 1450000 | L8: 1450000 | M8: 80000 | N8: 180000 | O8: 200000
A9: 6 | B9: W하우스 | C9: 403 | D9: =_xlfn.CONCAT(B9,C9) -> W하우스403 | E9: 45916 | F9: 7188 | G9: 2006 | H9: 이용하 | I9: 45794 | J9: 45885 | K9: 2300000 | L9: 2300000 | M9: 150000 | N9: 200000 | O9: 250000
A10: 7 | B10: 스타빌 | C10: 403 | D10: =_xlfn.CONCAT(B10,C10) -> 스타빌403 | E10: 45917 | F10: 2142 | G10: 988 | H10: 김정민 | I10: 45765 | J10: 45855 | K10: 700000 | L10: 700000 | M10: 80000 | N10: 100000 | O10: 100000
A11: 8 | B11: 와이원빈티지 | C11: 402 | D11: =_xlfn.CONCAT(B11,C11) -> 와이원빈티지402 | E11: 45918 | F11: 554 | G11: 1112 | H11: 김민정 | I11: 43618 | J11: 43709 | K11: 1300000 | L11: 1300000 | M11: 80000 | N11: 150000 | O11: 200000
A12: 9 | B12: 토브미하우스 | C12: 302 | D12: =_xlfn.CONCAT(B12,C12) -> 토브미하우스302 | E12: 45919 | F12: 12667 | G12: 377 | H12: 이주연 | I12: 45738 | J12: 45829 | K12: 1700000 | L12: 1700000 | M12: 100000 | N12: 200000 | O12: 200000
A13: 10 | B13: 신림프리미어 | C13: 1003 | D13: =_xlfn.CONCAT(B13,C13) -> 신림프리미어1003 | E13: 45923 | F13: 7504 | G13: 4 | H13: 최은지 | I13: 44736 | J13: 45466 | K13: 110000000 | L13: 420000 | M13: 70000 | N13: 100000 | O13: 150000
A14: 11 | B14: 스타빌 | C14: 402 | D14: =_xlfn.CONCAT(B14,C14) -> 스타빌402 | E14: 45925 | F14: 2607 | G14: 1109 | H14: 임지은 | I14: 45709 | J14: 45797 | K14: 750000 | L14: 750000 | M14: 80000 | N14: 100000 | O14: 100000
A15: 12 | B15: 와이원빈티지 | C15: 302 | D15: =_xlfn.CONCAT(B15,C15) -> 와이원빈티지302 | E15: 45925 | F15: 905 | G15: 491 | H15: 최영준 | I15: 45803 | J15: 45894 | K15: 900000 | L15: 900000 | M15: 80000 | N15: 180000 | O15: 150000
... A17: 14 | B17: W하우스 | C17: 302 | D17: =_xlfn.CONCAT(B17,C17) -> W하우스302 | E17: 45929 | F17: 570 | G17: 2003 | H17: 구유림 | I17: 45720 | J17: 45811 | K17: 1350000 | L17: 1350000 | M17: 80000 | N17: 180000 | O17: 150000
A18: 15 | B18: 대치칼텍빌딩 | C18: 3층 | D18: =_xlfn.CONCAT(B18,C18) -> 대치칼텍빌딩3층 | E18: 45929 | I18: 45250 | J18: 45980 | K18: 50000000 | L18: 4200000 | M18: 420000
A19: 16 | B19: W하우스 | C19: 304 | D19: =_xlfn.CONCAT(B19,C19) -> W하우스304 | E19: 45930 | F19: 990 | G19: 2371 | H19: 김민채 | I19: 45778 | J19: 45869 | K19: 1300000 | L19: 1300000 | M19: 80000 | N19: 180000 | O19: 150000
A20: 17 | B20: 모던하우스 | C20: 401 | D20: =_xlfn.CONCAT(B20,C20) -> 모던하우스401 | E20: 45930 | F20: 2703 | G20: 14 | H20: 김한율 | I20: 45444 | J20: 45565 | K20: 1200000 | L20: 1200000 | M20: 80000 | N20: 150000 | O20: 150000
A21: 18 | B21: 미래홈 | C21: 404 | D21: =_xlfn.CONCAT(B21,C21) -> 미래홈404 | E21: 45931 | F21: 1211 | G21: 756 | H21: 김우진 | I21: 45503 | J21: 45594 | K21: 700000 | L21: 500000 | M21: 70000 | N21: 80000 | O21: 110000
A22: 19 | B22: 토브미하우스 | C22: 601 | D22: =_xlfn.CONCAT(B22,C22) -> 토브미하우스601 | E22: 45932 | F22: 19434 | G22: 0 | H22: ZHOLZHAKSYNOVA AIKHANUM | I22: 45682 | J22: 45771 | K22: 1200000 | L22: 1050000 | M22: 90000 | N22: 180000 | O22: 150000
A23: 20 | B23: 모던하우스 | C23: 504 | D23: =_xlfn.CONCAT(B23,C23) -> 모던하우스504 | E23: 45933 | F23: 9978 | G23: 535 | H23: 이지민 | I23: 44998 | J23: 45089 | K23: 2500000 | L23: 2200000 | M23: 150000 | N23: 250000 | O23: 250000
A24: 21 | B24: 미래홈 | C24: 403 | D24: =_xlfn.CONCAT(B24,C24) -> 미래홈403 | E24: 45933 | F24: 906 | G24: 569 | H24: 강민수 | I24: 45546 | J24: 45726 | K24: 700000 | L24: 500000 | M24: 70000 | N24: 80000 | O24: 165000
A25: 22 | B25: 스타빌 | C25: 303 | D25: =_xlfn.CONCAT(B25,C25) -> 스타빌303 | E25: 45933 | F25: 1819 | G25: 964 | H25: 정하연 | I25: 45881 | J25: 45972 | K25: 750000 | L25: 750000 | M25: 80000 | N25: 100000 | O25: 100000
A26: 23 | B26: 와이원빈티지 | C26: 303 | D26: =_xlfn.CONCAT(B26,C26) -> 와이원빈티지303 | E26: 45934 | F26: 1038 | G26: 780 | H26: 임수진 | I26: 45778 | J26: 45869 | K26: 950000 | L26: 950000 | M26: 80000 | N26: 180000 | O26: 150000
A27: 24 | B27: 에덴빌 | C27: 303 | D27: =_xlfn.CONCAT(B27,C27) -> 에덴빌303 | E27: 45935 | F27: 4364 | G27: 1389 | H27: 임혜영 | I27: 45880 | J27: 45971 | K27: 950000 | L27: 950000 | M27: 80000 | N27: 180000 | O27: 150000
A28: 25 | B28: 스타빌 | C28: 301 | D28: =_xlfn.CONCAT(B28,C28) -> 스타빌301 | E28: 45937 | F28: 1456 | G28: 560 | H28: 강재성 | I28: 45846 | J28: 45907 | K28: 700000 | L28: 700000 | M28: 80000 | N28: 100000 | O28: 100000
A29: 26 | B29: 미래홈 | C29: 103 | D29: =_xlfn.CONCAT(B29,C29) -> 미래홈103 | E29: 45941 | F29: 866 | G29: 689 | H29: 김연주 | I29: 45850 | J29: 45941 | K29: 500000 | L29: 350000 | M29: 70000 | N29: 80000 | O29: 110000
A30: 27 | B30: 다존하우스 | C30: 602 | D30: =_xlfn.CONCAT(B30,C30) -> 다존하우스602 | E30: 45944 | F30: 8845 | G30: 1077 | H30: 김승희 | I30: 45853 | J30: 45944 | K30: 500000 | L30: 400000 | M30: 70000 | N30: 80000 | O30: 100000
... A121: 118 | B121: 한스텔 | C121: B02 | D121: =_xlfn.CONCAT(B121,C121) -> 한스텔B02 | E121: 46061 | F121: 3032 | G121: 962 | H121: 강주희 | I121: 45961 | J121: 46052 | K121: 700000 | L121: 700000 | M121: 80000 | N121: 150000 | O121: 100000
A122: 119 | B122: 모던라이프 | C122: 204 | D122: =_xlfn.CONCAT(B122,C122) -> 모던라이프204 | E122: 46061 | F122: 2218 | G122: 3090 | H122: 여다혜 | I122: 45271 | J122: 45361 | K122: 1900000 | L122: 1900000 | M122: 120000 | N122: 25000 | O122: 25000
A123: 120 | B123: 옥당빌라 | C123: 103 | D123: =_xlfn.CONCAT(B123,C123) -> 옥당빌라103 | E123: 46066 | F123: 1665 | G123: 3643 | H123: 윤정호 | I123: 45959 | J123: 46050 | K123: 1500000 | L123: 1500000 | M123: 120000 | N123: 200000 | O123: 165000
A124: 121 | B124: 제이에스하우스 | C124: 601 | D124: =_xlfn.CONCAT(B124,C124) -> 제이에스하우스601 | E124: 46064 | F124: 5565 | G124: 917 | H124: 박세민 | I124: 45915 | J124: 46005 | K124: 500000 | L124: 450000 | M124: 50000 | N124: 70000 | O124: 100000
A125: 122 | B125: 굿모닝빌 | C125: 202 | D125: =_xlfn.CONCAT(B125,C125) -> 굿모닝빌202 | E125: 46069 | F125: 2357 | G125: 1838 | H125: 김준영 | I125: 45762 | J125: 45852 | K125: 1000000 | L125: 1000000 | M125: 80000 | N125: 180000 | O125: 150000
A126: 123 | B126: 미래홈 | C126: 301 | D126: =_xlfn.CONCAT(B126,C126) -> 미래홈301 | E126: 46069 | F126: 1120 | G126: 55 | H126: 김지담 | I126: 46019 | J126: 46108 | K126: 700000 | L126: 500000 | M126: 70000 | N126: 80000 | O126: 100000
A127: 124 | B127: 신림프리미어 | C127: 304 | D127: =_xlfn.CONCAT(B127,C127) -> 신림프리미어304 | E127: 46072 | F127: 11814 | G127: 542 | H127: 함예얼 | I127: 45646 | J127: 46375 | K127: 50000000 | L127: 700000 | M127: 90000 | N127: 120000
A128: 125 | B128: 모닝빌 | C128: 302 | D128: =_xlfn.CONCAT(B128,C128) -> 모닝빌302 | E128: 46075 | F128: 6517 | G128: 1557 | H128: 백선화 | I128: 44853 | J128: 44944 | K128: 990000 | L128: 990000 | M128: 80000 | N128: 130000 | O128: 150000
A129: 126 | B129: 미래홈 | C129: 204 | D129: =_xlfn.CONCAT(B129,C129) -> 미래홈204 | E129: 46074 | F129: 833 | G129: 538 | H129: 김영기 | I129: 45983 | J129: 46074 | K129: 700000 | L129: 500000 | M129: 70000 | N129: 80000 | O129: 100000
A130: 127 | B130: 신림프리미어 | C130: 305 | D130: =_xlfn.CONCAT(B130,C130) -> 신림프리미어305 | E130: 46073 | F130: 9523 | G130: 393 | H130: 김승태 | I130: 44612 | J130: 45341 | K130: 30000000 | L130: 660000 | M130: 70000 | N130: 100000
A131: 128 | B131: 미래홈 | C131: 103 | D131: =_xlfn.CONCAT(B131,C131) -> 미래홈103 | E131: 46074 | F131: 1217 | G131: 129 | H131: 이혜린 | I131: 45949 | J131: 46040 | K131: 500000 | L131: 350000 | M131: 70000 | N131: 80000 | O131: 110000
A132: 129 | B132: 다존하우스 | C132: 509 | D132: =_xlfn.CONCAT(B132,C132) -> 다존하우스509 | E132: 46075 | F132: 10727 | G132: 644 | H132: 김소원 | I132: 45892 | J132: 45983 | K132: 550000 | L132: 550000 | M132: 70000 | N132: 80000 | O132: 100000
A133: 130 | B133: 아페이론 | C133: 202 | D133: =_xlfn.CONCAT(B133,C133) -> 아페이론202 | E133: 46074 | F133: 19747 | G133: 175 | H133: 박상록 | I133: 45983 | J133: 46074 | K133: 1200000 | L133: 1200000 | M133: 80000 | N133: 180000 | O133: 200000
A134: 131 | B134: 모던하우스 | C134: 405 | D134: =_xlfn.CONCAT(B134,C134) -> 모던하우스405 | E134: 46078 | F134: 7647 | G134: 2341 | H134: 안흥용 | I134: 45743 | J134: 45834 | K134: 1250000 | L134: 1250000 | M134: 100000 | N134: 180000 | O134: 150000
A135: 132 | B135: 굿모닝빌 | C135: 203 | D135: =_xlfn.CONCAT(B135,C135) -> 굿모닝빌203 | E135: 46079 | F135: 1851 | G135: 2267 | H135: 권운 | I135: 45865 | J135: 45956 | K135: 1200000 | L135: 1050000 | M135: 80000 | N135: 180000 | O135: 150000
A136: 133 | B136: 다존하우스 | C136: 205 | D136: =_xlfn.CONCAT(B136,C136) -> 다존하우스205 | E136: 46080 | F136: 10306 | G136: 1044 | H136: 최종백 | I136: 44547 | J136: 44911 | K136: 715000 | L136: 450000 | M136: 70000 | N136: 70000 | O136: 200000 | P136: 주차
A137: 134 | B137: 다존하우스 | C137: 208 | D137: =_xlfn.CONCAT(B137,C137) -> 다존하우스208 | E137: 46081 | F137: 12346 | G137: 1385 | H137: 허건 | I137: 45729 | J137: 45820 | K137: 500000 | L137: 400000 | M137: 70000 | N137: 80000 | O137: 100000
A138: 135 | B138: 리트코하우스 | C138: 603 | D138: =_xlfn.CONCAT(B138,C138) -> 리트코하우스603 | E138: 46081 | F138: 991 | G138: 294 | H138: 이한얼 | I138: 45870 | J138: 45961 | K138: 1250000 | L138: 1250000 | M138: 100000 | N138: 180000 | O138: 220000
A139: 136 | B139: 메종빌 | C139: 603 | D139: 메종빌603 | E139: 46084 | F139: 3546 | G139: 370 | H139: 김수민 | I139: 45993 | J139: 45717 | K139: 1700000 | L139: 1700000 | M139: 130000 | N139: 200000 | O139: 200000
A140: 137 | B140: 토브미하우스 | C140: 301 | D140: 토브미하우스301 | E140: 46084 | F140: 16850 | G140: 2356 | H140: 이가은 | I140: 45998 | J140: 46087 | K140: 1800000 | L140: 1800000 | M140: 100000 | N140: 200000 | O140: 200000
A141: 138 | B141: 신림프리미어 | C141: 204 | D141: 신림프리미어204 | E141: 46059 | F141: 11157 | G141: 340 | H141: 서수민 | I141: 45073 | J141: 45803 | K141: 20000000 | L141: 750000 | M141: 70000 | N141: 110000
A142: 139 | B142: 와이원빈티지 | C142: 204 | D142: 와이원빈티지204 | E142: 46086 | F142: 1366 | G142: 1610 | H142: 이은경 | I142: 46043 | J142: 46132 | K142: 1100000 | L142: 1000000 | M142: 80000 | N142: 180000 | O142: 150000
A143: 140 | B143: 미래홈 | C143: 203 | D143: 미래홈203 | E143: 46086 | F143: 1203 | G143: 172 | H143: 이호경 | I143: 45597 | J143: 45688 | K143: 700000 | L143: 500000 | M143: 70000 | N143: 80000 | O143: 110000
A144: 141 | B144: 리트코하우스 | C144: 504 | E144: 46089 | F144: 11791 | G144: 168 | H144: 김지수 | I144: 45552 | J144: 45642 | K144: 1800000 | L144: 1800000 | M144: 120000 | N144: 150000 | O144: 275000
A145: 142 | B145: 리트코하우스 | C145: 602 | D145: 리트코하우스602 | E145: 46088 | F145: 8567 | G145: 444 | H145: 정나봄 | I145: 46050 | J145: 46139 | K145: 1300000 | L145: 1300000 | M145: 100000 | N145: 180000 | O145: 220000
A146: 143 | B146: 옥당빌라 | C146: 202 | E146: 46090 | F146: 2666 | G146: 1733 | H146: 엄동권 | I146: 45962 | J146: 46053 | K146: 1300000 | L146: 1250000 | M146: 100000 | N146: 180000 | O146: 165000
A147: 144 | B147: 굿모닝빌 | C147: 301 | D147: =_xlfn.CONCAT(B147,C147) -> 굿모닝빌301 | E147: 46091 | F147: 2009 | G147: 437 | H147: 김수현 | I147: 45727 | J147: 45818 | K147: 1200000 | L147: 1100000 | M147: 80000 | N147: 180000 | O147: 150000
A148: 145 | B148: 와이원빈티지 | C148: 202 | D148: =_xlfn.CONCAT(B148,C148) -> 와이원빈티지202 | E148: 46091 | F148: 1609 | G148: 2308 | H148: 신지석 | I148: 46023 | J148: 46112 | K148: 1000000 | L148: 1000000 | M148: 80000 | N148: 180000 | O148: 150000
A149: 146 | B149: 모던라이프 | C149: 301 | D149: =_xlfn.CONCAT(B149,C149) -> 모던라이프301 | E149: 46093 | F149: 1686 | G149: 1680 | H149: 공지원 | I149: 45293 | J149: 45383 | K149: 1900000 | L149: 1900000 | M149: 100000 | N149: 200000 | O149: 200000
A150: 147 | B150: 다존하우스 | C150: 605 | D150: =_xlfn.CONCAT(B150,C150) -> 다존하우스605 | E150: 46096 | F150: 10030 | G150: 1325 | H150: 양혜민 | I150: 46011 | J150: 46100 | K150: 500000 | L150: 400000 | M150: 70000 | N150: 80000 | O150: 100000
A151: 148 | B151: W하우스 | C151: 301 | D151: =_xlfn.CONCAT(B151,C151) -> W하우스301 | E151: 46095 | F151: 1781 | G151: 2222 | H151: 고한욱 | I151: 45983 | J151: 46074 | K151: 1300000 | L151: 1300000 | M151: 80000 | N151: 180000 | O151: 150000
A152: 149 | B152: 모던하우스 | C152: 501 | D152: =_xlfn.CONCAT(B152,C152) -> 모던하우스501 | E152: 46096 | F152: 4426 | G152: 1958 | H152: 이민영 | I152: 45822 | J152: 45913 | K152: 1200000 | L152: 1200000 | M152: 100000 | N152: 150000 | O152: 150000 | P152: 등록없이 주차
A153: 150 | B153: 미래홈 | C153: 107 | D153: =_xlfn.CONCAT(B153,C153) -> 미래홈107 | E153: 46098 | F153: 847 | G153: 58 | H153: 최재경 | I153: 46009 | J153: 46098 | K153: 500000 | L153: 350000 | M153: 70000 | N153: 80000 | O153: 100000
A154: 151 | B154: 미래홈 | C154: 102 | D154: =_xlfn.CONCAT(B154,C154) -> 미래홈102 | E154: 46113 | F154: 927 | G154: 174 | H154: 정상협 | I154: 46024 | J154: 46113 | K154: 500000 | L154: 300000 | M154: 70000 | N154: 90000 | O154: 110000
A155: 152 | B155: 제이드하우스 | C155: 103 | D155: =_xlfn.CONCAT(B155,C155) -> 제이드하우스103 | E155: 46098 | F155: 1718 | G155: 3714 | H155: 김민주 | I155: 46081 | J155: 46172 | K155: 1450000 | L155: 1400000 | M155: 120000 | N155: 200000 | O155: 100000
D156: =_xlfn.CONCAT(B156,C156)
D157: =_xlfn.CONCAT(B157,C157)
D158: =_xlfn.CONCAT(B158,C158)
D159: =_xlfn.CONCAT(B159,C159)
D160: =_xlfn.CONCAT(B160,C160)
D161: =_xlfn.CONCAT(B161,C161)
D162: =_xlfn.CONCAT(B162,C162)
D163: =_xlfn.CONCAT(B163,C163)
D164: =_xlfn.CONCAT(B164,C164)
D165: =_xlfn.CONCAT(B165,C165)
D166: =_xlfn.CONCAT(B166,C166)
D167: =_xlfn.CONCAT(B167,C167)
... D1000: =_xlfn.CONCAT(B1000,C1000)
A1001: 150 | B1001: 굿모닝빌 | C1001: 402 | E1001: 46096 | H1001: 이강욱 | I1001: 45683 | J1001: 45772 | K1001: 1700000 | L1001: 1700000 | M1001: 100000 | N1001: 200000 | O1001: 200000

Sheet □퇴실정산서
D2: 서우하우스 | G2: 401 | I2: 퇴실정산서 | K2: =IF(D12>=Q19,"만기퇴실","만기전퇴실") -> 만기퇴실 | P2: 정산기입사항 | T2: {=_xlfn.XLOOKUP($D$2&$G$2,■입주정보!$B:$B&■입주정보!$C:$C,■입주정보!F:F,"Error")} -> 46093 | AE2: ★ 참조
B3: 입주자 정보 | P3: 내역 | Q3: 금액 | R3: 표기 | T3: 마지막 청구 문자
B4: 입주자 | E4: =_xlfn.XLOOKUP($D$2&$G$2,■입주정보!$E4:$E1000,■입주정보!$D4:$D1000,"값 없음") -> 윤정호 | H4: 연락처 | K4: =_xlfn.XLOOKUP($D$2&$G$2,■입주정보!$E4:$E1000,■입주정보!$O4:$O1000,"값 없음") -> 010-8211-5861 | P4: 퇴실일 | Q4: 46103 | R4: 날짜
B5: 은행 | C5: =IF(Q6="","",Q6) | E5: 예금주 | F5: =IF(Q7="","",Q7) | H5: 계좌번호 | J5: =IF(Q8="","",Q8) | P5: 정산 기준 일 | Q5: =Q4 -> 46103 | R5: 날짜 (필요 시 수기)
B6: 사용 기간 | P6: 은행
B7: 입주일 | C7: =$Q$18 -> 45912 | E7: 퇴실일 | F7: =$Q$4 -> 46103 | H7: 사용기간 | J7: =DATEDIF($C$7,$F$7+1,"m") -> 6 | K7: 개월 | L7: =$F$7-EDATE($C$7,$J$7)+1 -> 11 | M7: 일 | P7: 예금주
B8: 계약 정보 | P8: 계좌번호
B9: 예치금 | C9: {=_xlfn.XLOOKUP($D$2&$G$2,■입주정보!$B4:$B1000&■입주정보!$C4:$C1000,■입주정보!$P4:$P1000,"값 없음")} -> 1850000 | E9: 월세 | F9: {=_xlfn.LET(_xlpm.result,_xlfn.XLOOKUP($D$2&$G$2,■입주정보!$B:$B&■입주정보!$C:$C,■입주정보!$R:$R,"선불"),IF(_xlpm.result="","선불",_xlpm.result))} -> 선불 | G9: {=_xlfn.XLOOKUP($D$2&$G$2,■입주정보!$B4:$B1000&■입주정보!$C4:$C1000,■입주정보!$Q4:$Q1000,"값 없음")} -> 1850000 | H9: 관리비 | I9: {=_xlfn.LET(_xlpm.result,_xlfn.XLOOKUP($D$2&$G$2,■입주정보!$B4:$B1000&■입주정보!$C4:$C1000,■입주정보!$T4:$T1000,"선불"),IF(_xlpm.result="","선불",_xlpm.result))} -> 선불 | J9: {=_xlfn.XLOOKUP($D$2&$G$2,■입주정보!$B:$B&■입주정보!$C:$C,■입주정보!$S:$S,"값 없음")} -> 120000 | K9: 퇴실청소 | M9: {=_xlfn.XLOOKUP($D$2&$G$2,■입주정보!$B4:$B1000&■입주정보!$C4:$C1000,■입주정보!$AB4:$AB1000,"값 없음")} -> 200000
B10: 수도 | C10: {=_xlfn.LET(_xlpm.result,_xlfn.XLOOKUP($D$2&$G$2,■입주정보!$B4:$B1000&■입주정보!$C4:$C1000,■입주정보!$V4:$V1000,"선불"),IF(_xlpm.result="","선불",_xlpm.result))} -> 선불 | D10: {=_xlfn.XLOOKUP($D$2&$G$2,■입주정보!$B4:$B1000&■입주정보!$C4:$C1000,■입주정보!$U4:$U1000,"값 없음")} -> 30000 | E10: TV/인터넷 | F10: {=_xlfn.LET(_xlpm.result,_xlfn.XLOOKUP($D$2&$G$2,■입주정보!$B4:$B1000&■입주정보!$C4:$C1000,■입주정보!$X4:$X1000,"선불"),IF(_xlpm.result="","선불",_xlpm.result))} -> 선불 | G10: {=_xlfn.XLOOKUP($D$2&$G$2,■입주정보!$B4:$B1000&■입주정보!$C4:$C1000,■입주정보!$W4:$W1000,"값 없음")} -> 25000 | H10: 기타 보증금 | K10: {=_xlfn.XLOOKUP($D$2&$G$2,■입주정보!$B4:$B1000&■입주정보!$C4:$C1000,■입주정보!$Z4:$Z1000,"값 없음")} -> 0 | M10: {=_xlfn.XLOOKUP($D$2&$G$2,■입주정보!$B4:$B1000&■입주정보!$C4:$C1000,■입주정보!$Y4:$Y1000,"값 없음")} -> 0 | P10: 7일 패널티 면제 | R10: "면제"
B11: 정 산 | P11: 기타 보증금 반환 여부 확인 | Q11: 확인 | R11: "확인"
B12: 정산기준일 | D12: =Q5 -> 46103 | P12: 위약금 추가(중개수수료) | Q12: 추가 | R12: "추가"
B14: 공제내역 | E14: 기간(월) | H14: 기간(일) | K14: 계산
B15: 예치금 | K15: =C9 -> 1850000 | P15: 참고
B16: 선납금 | K16: 1575000 | P16: 마지막날 | Q16: =DAY(EOMONTH(Q17,-1)) -> 28
B17: 월세 | E17: =MAX(0, DATEDIF(MIN($D$12+1,$Q$17), MAX($D$12+1,$Q$17), "m") - 1) * IF($D$12+1>=$Q$17, -1, 1) -> 0 | H17: =IF(J7=0,0,IF(D12+1>=Q17,-(D12-EDATE(Q17,-E17)+1),(Q17-EDATE(D12,E17)-1)+IF(Q16>30,-1,0))) -> -11 | K17: =E17*G9+ROUNDDOWN(G9/30*H17,-1) -> -678330 | P17: 월세일 | Q17: {=_xlfn.XLOOKUP($D$2&$G$2,■입주정보!$B4:$B1000&■입주정보!$C4:$C1000,■입주정보!F4:F1000,"Error")} -> 46093 | W17: 주택용(저압) 사용량별 요금표
B18: 관리비 | E18: =$E$17 -> 0 | H18: =$H$17 -> -11 | K18: =E18*J9+ROUNDDOWN(J9/30*H18,-1) -> -44000 | P18: 입주일 | Q18: {=_xlfn.XLOOKUP($D$2&$G$2,■입주정보!$B4:$B1000&■입주정보!$C4:$C1000,■입주정보!L4:L1000,"Error")} -> 45912
B19: 수도 | E19: =$E$17 -> 0 | H19: =IF($H$17>0,0,$H$17) -> -11 | K19: =IF(F7+1>=-Q17,E19*D10+ROUNDDOWN(D10/30*H19,-1),-(E19*D10+ROUNDDOWN(D10/30*H19,-1))) -> -11000 | P19: 만기일 | Q19: {=_xlfn.XLOOKUP($D$2&$G$2,■입주정보!$B4:$B1000&■입주정보!$C4:$C1000,■입주정보!M4:M1000,"Error")} -> 46002
B20: TV/인터넷 | E20: =$E$17 -> 0 | H20: =IF($H$17>0,0,$H$17) -> -11 | K20: =IF(F7+1>=-Q17,E19*G10+ROUNDDOWN(G10/30*H19,-1),-(E19*G10+ROUNDDOWN(G10/30*H19,-1))) -> -9160 | W20: 사용량 | X20: 기본요금 | Y20: 전력량요금 | Z20: 전기요금계 | AA20: 부가세 | AB20: 기반기금 | AC20: 전기요금
B21: 전기 | K21: =-F45 -> 0 | P21: 전기고객번호 | Q21: {=_xlfn.XLOOKUP($D$2&$G$2,◆관리정보!$B4:$B1000&◆관리정보!$C4:$C1000,◆관리정보!$H4:$H1000,"값 없음")} -> 01-1172-0255 | W21: 1 | X21: 910 | Y21: 93 | Z21: 1003 | AA21: 100 | AB21: 30 | AC21: 1862.1071
B22: 가스 | K22: =-L45 -> 0 | P22: 가스고객번호 | Q22: {=_xlfn.XLOOKUP($D$2&$G$2,◆관리정보!$B4:$B1000&◆관리정보!$C4:$C1000,◆관리정보!$I4:$I1000,"값 없음")} -> 21246045 | W22: 2 | X22: 910 | Y22: 186 | Z22: 1096 | AA22: 110 | AB22: 40 | AC22: 2043.3742
B23: 기타 보증금 | K23: =IF(Q11="확인",$M$10,0) -> 0 | W23: 3 | X23: 910 | Y23: 279 | Z23: 1189 | AA23: 119 | AB23: 40 | AC23: 2208.1624
B24: 공제내역 | W24: 4 | X24: 910 | Y24: 373 | Z24: 1283 | AA24: 128 | AB24: 40 | AC24: 2389.4295
B25: 퇴실청소비 | K25: =-M9 -> -200000 | W25: 5 | X25: 910 | Y25: 466 | Z25: 1376 | AA25: 138 | AB25: 50 | AC25: 2570.6965
B26: 위약금 소계(A) | K26: =-L30 -> 0 | W26: 6 | X26: 910 | Y26: 559 | Z26: 1469 | AA26: 147 | AB26: 50 | AC26: 2735.4848
B27: 기타 청구 공제액(B: 상세내역 확인) | K27: =K38 -> 0 | W27: 7 | X27: 910 | Y27: 653 | Z27: 1563 | AA27: 156 | AB27: 50 | AC27: 2900.273
B28: 총 정산 금액 | K28: =SUM(K15:K27) -> 2482510 | W28: 8 | X28: 910 | Y28: 746 | Z28: 1656 | AA28: 166 | AB28: 60 | AC28: 3098.0189
B29: 위약금 상세 정보(A) | W29: 9 | X29: 910 | Y29: 839 | Z29: 1749 | AA29: 175 | AB29: 60 | AC29: 3262.8071
B30: 7일패널티 | D30: {=_xlfn.LET( _xlpm.면제, IF(Q10="면제",TRUE,FALSE), _xlpm.만기전퇴실, IF(K2="만기전퇴실",TRUE,FALSE), IF(_xlpm.만기전퇴실,IF(_xlpm.면제,0,ROUNDDOWN((G9+J9)/30*7,-1)),0) )} -> 0 | F30: 중개수수료 | H30: {=_xlfn.LET( _xlpm.만기전퇴실,IF(K2="만기전퇴실",TRUE,FALSE), _xlpm.추가,IF(Q12="추가",TRUE,FALSE), _xlpm.부수기본,_xlfn.XLOOKUP($D$2&$G$2,■입주정보!$B:$B&■입주정보!$C:$C,■입주정보!$AC:$AC,0), _xlpm.부수이벤트,_xlfn.XLOOKUP($D$2&$G$2,■입주정보!$B:$B&■입주정보!$C:$C,■입주정보!$AD:$AD,0), IF(_xlpm.만기전퇴실,IF(_xlpm.추가,_xlpm.부수기본+_xlpm.부수이벤트+50000,_xlpm.부수기본+_xlpm.부수이벤트),0) )} -> 0 | J30: 위약금소계 | L30: =D30+H30 -> 0 | W30: 10 | X30: 910 | Y30: 933 | Z30: 1843 | AA30: 184 | AB30: 60 | AC30: 3427.5954
B31: 기타 청구 공제액 상세내역(B) | W31: 11 | X31: 910 | Y31: 1026 | Z31: 1936 | AA31: 194 | AB31: 70 | AC31: 3625.3413
B32: 내역 | K32: 청구금액 | W32: 12 | X32: 910 | Y32: 1119 | Z32: 2029 | AA32: 203 | AB32: 70 | AC32: 3790.1295
W33: 13 | X33: 910 | Y33: 1212 | Z33: 2122 | AA33: 212 | AB33: 70 | AC33: 3954.9177
W34: 14 | X34: 910 | Y34: 1306 | Z34: 2216 | AA34: 222 | AB34: 80 | AC34: 4136.1848
W35: 15 | X35: 910 | Y35: 1399 | Z35: 2309 | AA35: 231 | AB35: 80 | AC35: 4317.4519
W36: 16 | X36: 910 | Y36: 1492 | Z36: 2402 | AA36: 240 | AB36: 80 | AC36: 4482.2401
W37: 17 | X37: 910 | Y37: 1586 | Z37: 2496 | AA37: 250 | AB37: 90 | AC37: 4663.5072
B38: 소계 | K38: =SUM(K33:M37) -> 0 | W38: 18 | X38: 910 | Y38: 1679 | Z38: 2589 | AA38: 259 | AB38: 90 | AC38: 4828.2954
B39: 전기 / 가스 상세내역 | W39: 19 | X39: 910 | Y39: 1772 | Z39: 2682 | AA39: 268 | AB39: 90 | AC39: 5009.5625
B40: 전기 기간 | E40: 지침 | F40: 전기금액 | H40: 가스기간 | K40: 지침 | L40: 가스금액 | W40: 20 | X40: 910 | Y40: 1866 | Z40: 2776 | AA40: 278 | AB40: 100 | AC40: 5190.8295
W41: 21 | X41: 910 | Y41: 1959 | Z41: 2869 | AA41: 287 | AB41: 100 | AC41: 5355.6178
W42: 22 | X42: 910 | Y42: 2052 | Z42: 2962 | AA42: 296 | AB42: 100 | AC42: 5520.406
W43: 23 | X43: 910 | Y43: 2145 | Z43: 3055 | AA43: 306 | AB43: 110 | AC43: 5718.1519
W44: 24 | X44: 910 | Y44: 2239 | Z44: 3149 | AA44: 315 | AB44: 110 | AC44: 5882.9401
B45: 전기합계 | F45: =SUM(F41:F44) -> 0 | H45: 가스합계 | L45: =SUM(L41:M44) -> 0 | W45: 25 | X45: 910 | Y45: 2332 | Z45: 3242 | AA45: 324 | AB45: 110 | AC45: 6047.7284
W46: 26 | X46: 910 | Y46: 2425 | Z46: 3335 | AA46: 334 | AB46: 120 | AC46: 6228.9954
W47: 27 | X47: 910 | Y47: 2519 | Z47: 3429 | AA47: 343 | AB47: 120 | AC47: 6410.2625
W48: 28 | X48: 910 | Y48: 2612 | Z48: 3522 | AA48: 352 | AB48: 130 | AC48: 6591.5296
W49: 29 | X49: 910 | Y49: 2705 | Z49: 3615 | AA49: 362 | AB49: 130 | AC49: 6756.3178
W50: 30 | X50: 910 | Y50: 2799 | Z50: 3709 | AA50: 371 | AB50: 130 | AC50: 6937.5849
W51: 31 | X51: 910 | Y51: 2892 | Z51: 3802 | AA51: 380 | AB51: 140 | AC51: 7118.8519
W52: 32 | X52: 910 | Y52: 2985 | Z52: 3895 | AA52: 390 | AB52: 140 | AC52: 7283.6402
W53: 33 | X53: 910 | Y53: 3078 | Z53: 3988 | AA53: 399 | AB53: 140 | AC53: 7448.4284
W54: 34 | X54: 910 | Y54: 3172 | Z54: 4082 | AA54: 408 | AB54: 150 | AC54: 7646.1743
W55: 35 | X55: 910 | Y55: 3265 | Z55: 4175 | AA55: 418 | AB55: 150 | AC55: 7810.9625
W56: 36 | X56: 910 | Y56: 3358 | Z56: 4268 | AA56: 427 | AB56: 150 | AC56: 7975.7508
W57: 37 | X57: 910 | Y57: 3452 | Z57: 4362 | AA57: 436 | AB57: 160 | AC57: 8157.0178
... W1102: 1082 | X1102: 7300 | Y1102: 247608.87 | Z1102: 254908.87 | AA1102: 25486 | AB1102: 9512.381 | AC1102: 438220.44

Sheet ◆건물정보
A1: 번호 | B1: 건물명 | C1: 관리시작일 | D1: 수수료율 | E1: 7일패널티책임 | F1: 부가가치세 | G1: 표준임대차 | H1: 건물주1㈜ | K1: 건물주2(부) | N1: 주소 | O1: E-MAIL | P1: 정산계좌 | Q1: TV인터넷 계약 | U1: 세무사 | V1: 통신사 | W1: 사용승인일
H2: 이름 | I2: 주민등록번호 | J2: 전화번호 | K2: 이름 | L2: 주민등록번호 | M2: 전화번호 | Q2: TV | R2: 인터넷 | S2: 금액 | T2: 계약종료일
A3: 1 | B3: 제이앤제이 | C3: 41138 | D3: 0 | H3: 박주희 | I3: 760329-2018615 | J3: 010-4250-8245 | P3: 새마을금고 9002-1829-4482-7 박주희 | Q3: 36000 | R3: 25000 | S3: 61000 | V3: 강남 | W3: 2011.11.14
A4: 2 | B4: 스타빌 | C4: 41290 | D4: 0.05 | H4: 박용상 | J4: 010-3373-5572 | K4: 박성윤 | L4: 780831-1047511 | M4: 010-5380-7058 | N4: 서울시 서초구 잠원동 69-13 반포쇼핑타운6동 417호 | P4: 제일은행 187-20-346999 박성현 | Q4: 80000 | R4: 70000 | S4: 150000 | W4: 1997.06.12
A5: 3 | B5: 아페이론 | C5: 41306 | D5: 0.05 | E5: O | H5: 허혁재 | I5: 700814-1041713 | J5: 010-3735-0283 | K5: 김남연 | L5: 431106-2041720 | N5: 역삼동 725-25 1층 강남목장 | O5: hhj 0814@naver.com | P5: 하나 225-910253-72707 허혁재 | Q5: 55000 | R5: 50000 | S5: 105000 | V5: 강남 | W5: 2010.12.22
A6: 4 | B6: 다존하우스 | C6: 41493 | D6: 0.1 | F6: 전체 | H6: 김영호 | I6: 700124-1069010 | J6: 010-2238-7271 | N6: 신대방1동 690-21번지(대림로32) | O6: Josida1818@naver.com | P6: 우리 1002-345-917823 김영호 농협 356-0699-1869-53 김영호 | U6: 5625544@naver.com | V6: 동작 | W6: 2012.08.06
A7: 5 | B7: w하우스 | C7: 41848 | D7: 0.06 | F7: 전체 | G7: 일부 | H7: 류현백 | I7: 680717-1120611 | J7: 010-7723-7401 | K7: 류재형 | L7: 700524-1120613 | M7: 010-5359-0707 | N7: 서울시 서초구 반포본동 반포아파트 79동 103호 | O7: yoouhb@gmail.com jhyoo70@gmail.com | P7: 하나 127-910129-51107 김민자 (3층/6층/7층) SC 110-20-484373 남현주(4층/5층) | W7: 2000.03.30
A8: 6 | B8: 포유빌 | C8: 42566 | D8: 0.06 | F8: 전체 | G8: 전체 | H8: 진수현 | I8: 450115-1019116 | J8: 010-5229-3898 | K8: 김혜향 | M8: 010-2353-6138 | N8: 서울시 서초구 방배로 14 7동 905호 (방배동임광아파트) | O8: khh1030@hanmail.net | P8: 하나 241-910120-64707 진수현 3/4 하나 241-910120-62407 김혜향 1/4 | W8: 2003.05.29
A9: 7 | B9: 미래홈 | C9: 42718 | D9: 0.1 | F9: 전체 | H9: 전교중 | I9: 740929-1816717 | J9: 010-2860-7824 | N9: 서울시 강남구 개포로 516, 604동 101호(개포주공 6단지) | O9: mayhany7824@gmail.com | P9: 하나 429-910293-31807 전교중 | W9: 2016.04.29
A10: 8 | B10: 굿모닝빌 | C10: 42704 | D10: 0.06 | E10: O | G10: 전체 | H10: 윤정연 | I10: 600503-2066924 | J10: 010-8700-7388 | N10: 서울시 강남구 논현동 176-16 | O10: jyyoon7388@naver.com | P10: 우리 1002-736-011943 박종호 | W10: 2003.07.10
A11: 9 | B11: 모닝빌 | C11: 42767 | D11: 0.0573 | E11: O | F11: 전체 | G11: 전체 | H11: 황상진 | I11: 481123-1038035 | J11: 010-5295-7100 | K11: 사모님 | M11: 010-4719-1233 | N11: 서울 강남구 논현동 184-9 501호 | O11: hduk1815@gmail.com | P11: sc 425-20-512163 황상진 | W11: 2003.01.10
A12: 10 | B12: 에덴빌 | C12: 42822 | D12: 0.05 | H12: 이영환 | I12: 470930-1405211 | J12: 010-3695-9298 | N12: 서울 강남구 삼성동 125-14 401호 | O12: lyh9298@hotmail.com | P12: 우리 1005-302-569927 이영환 | W12: 2001.09.18
A13: 11 | B13: 와이원빈티지 | C13: 42881 | D13: 0.06 | H13: 유병수 | I13: 551021-1001925 | J13: 010-5251-1327 | K13: 유일한 | M13: 010-9941-9992 | N13: 서울 광진구 자양동 222-7 스타시티 D동 302호 | O13: carter1605@hanmail.net | P13: 농협 351-1021-2523-63 유병수 농협 352-1308-6470-63 유일한 | W13: 2017.04.07
A14: 12 | B14: 한스텔 | C14: 43053 | D14: 0.05 | H14: 유경희 | I14: 530924-2000711 | J14: 010-8773-7317 | K14: 조현 | M14: 010-9158-7319 | N14: 경기도 화도읍 창현리 월스포사우나 | O14: hyun0909-@hanmail.net | P14: 신한 100-030-950721 유경희 | W14: 1996.01.12
A15: 13 | B15: 지앤지2 | C15: 43195 | D15: 0.045 | E15: O | H15: 강용순 | I15: 540415-2 | J15: 010-3955-9328 | N15: 송파구 송파동 101-30 401호 | O15: whiteshk1@hanmail.net | P15: 하나 220-910063-09908 강용순 하나 220-910278-09807 신기주 | W15: 2005.01.26
A16: 14 | B16: 풍림빌딩 | C16: 43374 | D16: 1100000 | F16: 전체 | H16: 이명필 | I16: 690127-1328349 | J16: +86 137-6169-6222 | N16: 성동구 독서당로 216 | O16: mplee21@hanmail.net | P16: 우리 1005-3030-69287 이명필 | U16: cheil2006@naver.com | W16: 1989.1.14
A17: 15 | B17: 토브미하우스 | C17: 43468 | D17: 0.05 | F17: 전체 | G17: 전체 | H17: 백승윤 | I17: 450920-1051724 | J17: 010-2250-6931 | N17: 논현동 219-26 | P17: 신한 110-488-068215 백승윤 | W17: 2018.01.24
A18: 16 | B18: 리트코하우스 | C18: 44018 | D18: 0.06 | F18: 전체 | H18: 리트코 | I18: 010-2483-8495 | N18: 역삼동 840-5 | O18: jhc@ritco.co.kr | P18: 하나 256-910062-94604 ㈜리트코 | W18: 2020.03.11
A19: 17 | B19: 모던하우스 | C19: 44243 | D19: 0.09 | E19: O | F19: 전체 | G19: 전체 | H19: 김영수 | I19: 560711-1057631 | J19: 010-4775-3754. | K19: 사모님 | M19: 010-4186-8919 | N19: 논현동 159-10 | P19: 우리 1002-061-870442 김영수 | W19: 40764
A20: 18 | B20: 모던라이프 | C20: 44250 | D20: 0.085 | E20: O | F20: 전체 | G20: 전체 | H20: 김영수 | I20: 560711-1057631 | J20: 010-4775-3754. | K20: 사모님 | M20: 010-4186-8919 | N20: 서울시 강남구 논현동 68-19 | P20: 신한 110-524-509708 김영수 | W20: 42732
A21: 19 | B21: 서우하우스 | C21: 44932 | D21: 0.06 | F21: 전체 | H21: 강경미 | I21: 741215-2 | J21: 010-4853-0007 | N21: 서울시 강남구 언주로98길 35 | O21: kmgongju@naver.com | P21: 국민 573-7010418-1987 이상미 | V21: KT | W21: 34946
A22: 20 | B22: 제이에스하우스 | C22: 45337 | D22: 0.06 | F22: 전체 | H22: 티투지(송영수) | I22: 765-81-02346 | J22: 010-7566-5219 | N22: 경기도 용인시 동백중앙로 191 비 8565호 | O22: Kukhsong@gmail.com | P22: 농협 301-0354-053451 주식회사 티투지 | W22: 37608
A23: 21 | B23: 우진빌딩 | C23: 45393 | D23: =500000/11*10 -> 454545.45 | F23: 전체 | H23: 양승식 | I23: 791207-1080441 | J23: 010-8915-3655 | N23: 서울시 강남구 테헤란로 13길 18 | O23: sean.yang1207@gmail.com | P23: 우리 016-26870-102-101 양승식 | W23: 38873
A24: 22 | B24: 우영빌딩 | C24: 45405 | D24: 600000 | F24: 전체 | H24: 윤영배 | J24: 010-6210-9553 | O24: wooyeong5@naver.com | P24: 하나 287-910045-78304 우영인벤트 | W24: 44902
A25: 23 | B25: 서연빌 | C25: 45444 | D25: 500000 | F25: 전체 | H25: 조규희 | J25: 010-2357-4534 | L25: 며느리 | M25: 010-8405-5188 | N25: 서을시 강남구 삼성로 69길 21 | O25: khcho907@naver.com | P25: sc 357-20-233002 조규희 | W25: 39457
A26: 24 | B26: 대치칼텍빌딩 | C26: 45444 | D26: 500000 | F26: 전체 | H26: 심재훈 | J26: 010-7670-5288 | N26: 서울시 강남구 역삼로 78길 21 | O26: jshim22@naver.com | P26: sc 358-20-010412 심재훈 | W26: 45089
A27: 25 | B27: 더힐하우스 | C27: 45464 | D27: =27000*44 -> 1188000 | F27: 전체 | N27: 서울시 강남구 선릉로72길 10-13 (대치동 920-27) | P27: 카카오 3333-26-5937773 김유정 | W27: 42537
A28: 26 | B28: 신림프리미어 | C28: 45510 | D28: 140만+알파 | F28: 전체 | H28: 김월섭 | I28: 541201-1673618 | J28: 010-9633-2229 | N28: 서울 관악구 신림로67길15 프리미어 1101호 | O28: wskimm1231@gmail.com | P28: 국민 45830-10-1556313 김월섭(온누리) | W28: 43966
A29: 27 | B29: 메종빌 | C29: 45516 | D29: 0.06 | F29: 전체 | H29: 이상남 | I29: 750611-2914212 | J29: 010-6564-1077 | N29: 서울시 강남구 논현동 229-1 (1,2,3,4층) | O29: nami503@naver.com | P29: 우리은행 1005-2045-74139 메종빌 | W29: 35226
A30: 28 | B30: 문화빌딩 | C30: 45689 | D30: 900000 | F30: 전체 | H30: 이정은 | I30: 730430-2046611 | J30: 010-9840-0339 | K30: 이정선 | M30: 010-8336-3009 | N30: 서울시 마포구 도화길 28, 마포삼성A 114동 204호 | O30: jz00336@naver.com | P30: 국민 827902-04-304400 이정은 | W30: 41023
A31: 29 | B31: 어반그레이 | D31: 550000 | F31: 전체 | H31: 함보영 | I31: 149-81-00959 | J31: 010-2675-2591 | N31: 경기도 남양주시 진건입 사릉로425번길 21-1, 태은빌딩 201호 | O31: byham@nconsuting.co.kr | W31: 42689
A32: 30 | B32: 집현전빌딩 | C32: 45809 | D32: 600000 | F32: 전체 | H32: 조재현 | I32: 820222-1 | J32: 010-2846-4273 | N32: 서울시 강남구 삼성로119길 25(삼성동) | O32: chojhn@gmail.com | P32: 하나 210910-32054007 조재현 | W32: 37405
A33: 31 | B33: 이례빌딩 | C33: 45870 | D33: 800000 | F33: 전체 | H33: 이병전 | J33: 010-5308-8736 | N33: 서울시 광진구 동일로 144(화양동) | O33: lbc7090@hotmail.com | W33: 40512
A34: 32 | B34: KMC코리아 | C34: 45870 | D34: 1200000 | F34: 전체 | H34: KMC(이명환) | J34: 010-8952-0679 | N34: 서울시 마포구 큰우물로 64, 4층 | O34: leemh0715@kmckor.co.kr | W34: 43970
A35: 33 | B35: 제이드하우스 | C35: 45931 | D35: 1000000 | F35: 전체 | H35: 이석민 | I35: 300419 | J35: 010-7457-7751 | K35: 이석민 | L35: 이은수외2인 | N35: 서울시 강남구 논현동 64-11 | O35: sukminlee@naver.com | P35: 우리 1002-557-506705 설옥분 미래에셋 4007-77-541320 이석민 | W35: 37247
A36: 34 | B36: 양지빌딩 | C36: 45931 | D36: 770000 | F36: 전체 | H36: 전영식 | J36: 010-4268-7944 | K36: 따님 | M36: 010-8287-1187 | N36: 서울시 관악구 봉천동 702-78 | O36: dasukm@naver.com | W36: 32844
A37: 35 | B37: 상건빌딩 | C37: 45992 | D37: 660000 | F37: 전체 | H37: 이건영 | I37: 840408-1 | N37: 서울시 중구 을지로6가 18-97 | O37: kunyoung84@gmail.com | W37: 32844
A38: 36 | B38: 미진빌딩 | C38: 45992 | D38: 715000 | F38: 전체 | H38: 이윤미 | K38: 이상효 | L38: 450825-1 | M38: 실 대표님 | N38: 서울시 중구 을지로6가 18-84 | O38: ymlee@kobaco.co.kr | W38: 32844
A39: 37 | B39: 유석빌딩 | C39: 46035 | D39: 600000 | F39: 전체 | H39: 복유일 | J39: 010-7440-2262 | N39: 서울시 중구 동호로 12길 6 | W39: 24816
A40: 38 | B40: 에이스빌딩 | C40: 46056 | D40: 1540000 | F40: 전체 | H40: 글로벌쉐어 | J40: 02-899-3393 | N40: 서울시 구로구 새말로 19, 5층 (구로동, 에이스빌딩) | O40: globals1108@nate.com
A41: 39 | B41: 평해빌딩 | C41: 46082 | D41: 825000 | F41: 전체 | H41: 권혁미 | J41: 010-5057-9007 | N41: 울특별시 강남구 강남대로114길 14 (논현동)

Sheet □재계약 일정
H1: 내용
A2: =TODAY() -> 46099 | E2: 계약일 도래 | F2: 3개월 이내 | G2: 6개월 이내
E3: =COUNTIF($G$6:$G$100, "도래") -> 25 | F3: =COUNTIF($G$6:$G$100, "예정") -> 4 | G3: =COUNTIF($G$6:$G$100, "관심") -> 6
A5: 건물명 | B5: 호실 | C5: 입주자 | D5: 연체 여부 | E5: 계약일 | F5: 만기일 | G5: 재계약일 | H5: 비고
A6: {=_xlfn.LET( _xlpm.데이터, _xlfn._xlws.FILTER(■입주정보!$B1:$AL1000, (■입주정보!$AK1:$AK1000<>"") * ((■입주정보!$AL1:$AL1000="도래")+ (■입주정보!$AL1:$AL1000="예정")+ (■입주정보!$AL1:$AL1000="관심")) ), _xlpm.가공, _xlfn.HSTACK( _xlfn.CHOOSECOLS(_xlpm.데이터,1,2,3), _xlfn.MAP(_xlfn.CHOOSECOLS(_xlpm.데이터,5),_xlfn.LAMBDA(_xlpm.x,IF(_xlpm.x<A2,"연체",_xlpm.x))), _xlfn.CHOOSECOLS(_xlpm.데이터,11,12,37) ), _xlpm.날짜열, INDEX(_xlpm.가공,,6), _xlpm.월별순서, MOD(MONTH(_xlpm.날짜열) - MONTH(A2), 12), _xlfn.SORTBY(_xlpm.가공, _xlpm.월별순서, 1, DAY(_xlpm.날짜열), 1) )} -> 에이스빌딩 | B6: B01 | C6: 김유정(찬들컴퍼니) | D6: 연체 | E6: 45465 | F6: 46102 | G6: 도래
A7: 우진빌딩 | B7: 1층 | C7: 반가흑돈(김창용) | D7: 46112 | E7: 45397 | F7: 46126 | G7: 도래
A8: 대치칼텍빌딩 | B8: 1층 | C8: KNS에듀 | D8: 46127 | E8: 45397 | F8: 46126 | G8: 도래
A9: 대치칼텍빌딩 | B9: 4-5층 | C9: KNS에듀 | D9: 46127 | E9: 45397 | F9: 46126 | G9: 도래
A10: 집현전빌딩 | B10: 102 | C10: 두자매부동산(최선영) | D10: 46127 | E10: 45397 | F10: 45761 | G10: 도래
A11: 평해빌딩 | B11: B01 | C11: 홍무석(물음표노래방) | D11: 연체 | E11: 43570 | F11: 43935 | G11: 도래
A12: 평해빌딩 | B12: B02 | C12: 홍무석 | D12: 연체 | E12: 43206 | F12: 43570 | G12: 도래
A13: 이례빌딩 | B13: 602 | C13: ㈜동우솔루션 | D13: 46112 | E13: 40842 | F13: 46142 | G13: 도래
A14: KMC코리아 | B14: 5층 | C14: ㈜그레이드헬스체인 | D14: 46109 | E14: 45413 | F14: 46142 | G14: 도래
A15: 우영빌딩 | B15: B02 | C15: 제이앤에스 | D15: 46113 | E15: 45419 | F15: 46148 | G15: 도래
A16: 평해빌딩 | B16: 101 | C16: 김종대(김선생조개집) | D16: 46101 | E16: 43605 | F16: 44335 | G16: 도래
A17: 양지빌딩 | B17: B01 | C17: 박관석 | D17: 46112 | E17: 45435 | F17: 45799 | G17: 도래
A18: 양지빌딩 | B18: 401 | C18: 릿업핏(한지훈) | D18: 46112 | E18: 44711 | F18: 45441 | G18: 도래
A19: 양지빌딩 | B19: 103 | C19: 하정(구본관) | D19: 46109 | E19: 44711 | F19: 45442 | G19: 도래
A20: 이례빌딩 | B20: B01 | C20: 주식회사 폴리체 | D20: 46112 | E20: 45819 | F20: 46173 | G20: 예정
A21: 이례빌딩 | B21: 5층 | C21: 오렌지무역 | D21: 46112 | E21: 42887 | F21: 46173 | G21: 예정
A22: KMC코리아 | B22: 2층 | C22: 주식회사 더리더(정이조영어) | D22: 46112 | E22: 45078 | F22: 45808 | G22: 도래
A23: 제이에스하우스 | B23: 3층 | C23: 네일제이(이진주) | D23: 46115 | E23: 44503 | F23: 44713 | G23: 도래
A24: 어반그레이 | B24: 4층 | C24: 사고링크손해사정(주) | D24: 연체 | E24: 45817 | F24: 46181 | G24: 예정
A25: KMC코리아 | B25: B01 | C25: 탑테니스(안봉근) | D25: 46112 | E25: 44727 | F25: 45457 | G25: 도래
A26: 문화빌딩 | B26: 4층 | C26: 루멘테라피(이승민) | D26: 46102 | E26: 45464 | F26: 46188 | G26: 예정
A27: 유석빌딩 | B27: B01 | C27: 김혜진 | D27: 연체 | E27: 45468 | F27: 46197 | G27: 관심
A28: 이례빌딩 | B28: 601 | C28: 치아미치과 | D28: 46112 | E28: 40568 | F28: 45838 | G28: 도래
A29: 양지빌딩 | B29: 102 | C29: 육회바른연어(강지수) | D29: 46109 | E29: 45838 | F29: 46203 | G29: 관심
A30: 우진빌딩 | B30: 3층 | C30: 로지트코리아 유한회사 | D30: 46112 | E30: 45502 | F30: 46231 | G30: 관심
A31: 우영빌딩 | B31: 3층 | C31: ㈜마크커뮤니케이션 | D31: 46113 | E31: 45154 | F31: 46249 | G31: 관심
A32: 문화빌딩 | B32: 3층 | C32: 조니워커(김눈) | D32: 46099 | E32: 45522 | F32: 46251 | G32: 관심
A33: 어반그레이 | B33: 3층 | C33: 그램엔터테이먼트(김용) | D33: 연체 | E33: 45887 | F33: 46252 | G33: 관심
A34: 양지빌딩 | B34: 201 | C34: 세모(신승희) / 관악상사 | D34: 46109 | E34: 44796 | F34: 45526 | G34: 도래
A35: 에이스빌딩 | B35: 6층 | C35: (주)뚝딱컴퍼니 | D35: 46127 | E35: 45174 | F35: 45904 | G35: 도래
A36: 양지빌딩 | B36: 301 | C36: 현이 피아노(박현우) | D36: 46127 | E36: 44545 | F36: 45274 | G36: 도래
A37: 양지빌딩 | B37: 101 | C37: 솥뚜껑(오점례) | D37: 46112 | E37: 43829 | F37: 44194 | G37: 도래
A38: 이례빌딩 | B38: 8층 | C38: ㈜빅디컴퍼니 | D38: 46112 | E38: 42170 | F38: 46022 | G38: 도래
A39: 에이스빌딩 | B39: 7층 | C39: 박준엽(골프) | D39: 연체 | E39: 45301 | F39: 46031 | G39: 도래
A40: 양지빌딩 | B40: 202 | C40: 보라매 수 치과(최경민) | D40: 46112 | E40: 44984 | F40: 45348 | G40: 도래

Sheet ◆관리정보
A1: 1 | B1: 2 | C1: 3 | D1: 4 | E1: 5 | F1: 6 | G1: 7 | H1: 8 | I1: 9 | J1: 10 | K1: 11 | L1: 12 | M1: 13 | N1: 14 | O1: 15 | P1: 16 | Q1: 17 | R1: 18 | S1: 19 | T1: 20 | U1: 21 | V1: 22
A2: 번호 | B2: 건물명 | C2: 호실 | D2: 계좌 | H2: 고객번호 | J2: 임대형태 | K2: 전기가스청구 | L2: 관리팀 | M2: 수금팀 | N2: 건물청소 | O2: 퇴실청소 | P2: 청소비지급 | Q2: 호실정보1 | R2: 호실정보2 | S2: 호실정보3 | T2: 호실정보4 | U2: % | V2: 관리비
D3: 임대료 관리 | E3: 입금이름 | F3: 입금계좌(계좌1) | G3: 입금계좌(계좌2) | H3: 전기 | I3: 가스 | J3: 일반/단기/상가 | K3: 자동 만 표기 | L3: 담당자 | M3: 1팀/2팀 | N3: 크린/외부 | O3: 크린/외부
A4: 1 | B4: 제이앤제이 | C4: B01 | D4: 하우스맨 | E4: JJ | F4: 우리 1002-911-220189 박시현 | H4: 01-0316-7591 | I4: 16760718 | J4: 단기 | M4: 1 | N4: 크린 | O4: 크린
A5: 2 | B5: 제이앤제이 | C5: 101 | D5: 하우스맨 | E5: JJ | F5: 우리 1002-911-220189 박시현 | H5: 01-0316-7555 | I5: 18454692 | J5: 상가 | M5: 2 | N5: 크린 | O5: 크린
A6: 3 | B6: 제이앤제이 | C6: 201 | D6: 하우스맨 | E6: JJ | F6: 우리 1002-911-220189 박시현 | H6: 01-0316-7564 | I6: 18030055 | J6: 단기 | M6: 1 | N6: 크린 | O6: 크린
A7: 4 | B7: 제이앤제이 | C7: 301 | D7: 하우스맨 | E7: JJ | F7: 우리 1002-911-220189 박시현 | H7: 01-0316-7573 | I7: 15568930 | J7: 단기 | M7: 1 | N7: 크린 | O7: 크린
A8: 5 | B8: 제이앤제이 | C8: 401 | D8: 하우스맨 | E8: JJ | F8: 우리 1002-911-220189 박시현 | H8: 01-0316-7582 | I8: 15569073 | J8: 단기 | M8: 1 | N8: 크린 | O8: 크린
A9: 6 | B9: 스타빌 | C9: 101 | D9: 하우스맨 | E9: 스타 | F9: 하나 225-910048-15704 박종호(하우스맨) | H9: 01-1015-7856 | I9: 15987157 | J9: 단기 | M9: 1 | N9: 크린 | O9: 크린
A10: 7 | B10: 스타빌 | C10: 102 | D10: 하우스맨 | E10: 스타 | F10: 하나 225-910048-15704 박종호(하우스맨) | H10: 01-1015-7856 | I10: 15987095 | J10: 단기 | M10: 1 | N10: 크린 | O10: 크린
A11: 8 | B11: 스타빌 | C11: 103 | D11: 하우스맨 | E11: 스타 | F11: 하나 225-910048-15704 박종호(하우스맨) | H11: 01-1015-7847 | I11: 16752632 | J11: 단기 | M11: 1 | N11: 크린 | O11: 크린
A12: 9 | B12: 스타빌 | C12: 105 | D12: 하우스맨 | E12: 스타 | F12: 하나 225-910048-15704 박종호(하우스맨) | H12: 01-1015-7847 | I12: 16165952 | J12: 단기 | M12: 1 | N12: 크린 | O12: 크린
A13: 10 | B13: 스타빌 | C13: 201 | D13: 하우스맨 | E13: 스타 | F13: 하나 225-910048-15704 박종호(하우스맨) | H13: 01-1015-7838 | I13: 15987223 | J13: 단기 | M13: 1 | N13: 크린 | O13: 크린
A14: 11 | B14: 스타빌 | C14: 202 | D14: 하우스맨 | E14: 스타 | F14: 하나 225-910048-15704 박종호(하우스맨) | H14: 01-1015-7838 | I14: 15987020 | J14: 단기 | M14: 1 | N14: 크린 | O14: 크린
A15: 12 | B15: 스타빌 | C15: 203 | D15: 하우스맨 | E15: 스타 | F15: 하나 225-910048-15704 박종호(하우스맨) | H15: 01-1015-7829 | I15: 16165618 | J15: 단기 | M15: 1 | N15: 크린 | O15: 크린
A16: 13 | B16: 스타빌 | C16: 205 | D16: 하우스맨 | E16: 스타 | F16: 하나 225-910048-15704 박종호(하우스맨) | H16: 01-1015-7829 | I16: 16165762 | J16: 단기 | M16: 1 | N16: 크린 | O16: 크린
... A67: 64 | B67: 다존하우스 | C67: 607 | D67: 하우스맨 | E67: 다존 | F67: 하나 225-910048-15704 박종호(하우스맨) | H67: 01-4812-5515 | I67: 6003558220 | J67: 단기 | M67: 1 | N67: 외부 | O67: 외부
A68: 65 | B68: W하우스 | C68: 1층 | D68: 건물주 | E68: W | F68: 신한 110-184-764692 류재형 | H68: 01-0474-3253 | J68: 단기 | M68: 2 | N68: 크린 | O68: 크린
A69: 66 | B69: W하우스 | C69: 201 | D69: 건물주 | E69: W | F69: 신한 110-184-764692 류재형 | H69: 01-0474-3084 | J69: 단기 | M69: 2 | N69: 크린 | O69: 크린
A70: 67 | B70: W하우스 | C70: 202 | D70: 건물주 | E70: W | F70: 신한 110-184-764692 류재형 | H70: 01-4245-6946 | J70: 단기 | M70: 2 | N70: 크린 | O70: 크린
A71: 68 | B71: W하우스 | C71: 301 | D71: 건물주 | E71: W | F71: 하나 127-910129-51107 김민자 | G71: 하나 225-910048-15704 박종호(하우스맨) | H71: 01-0474-3164 | I71: 20110297 | J71: 단기 | M71: 1 | N71: 크린 | O71: 크린
A72: 69 | B72: W하우스 | C72: 302 | D72: 건물주 | E72: W | F72: 하나 127-910129-51107 김민자 | G72: 하나 225-910048-15704 박종호(하우스맨) | H72: 01-5314-3229 | I72: 20110302 | J72: 단기 | M72: 1 | N72: 크린 | O72: 크린
A73: 70 | B73: W하우스 | C73: 303 | D73: 건물주 | E73: W | F73: 하나 127-910129-51107 김민자 | G73: 하나 225-910048-15704 박종호(하우스맨) | H73: 01-5314-3256 | I73: 20110303 | J73: 단기 | M73: 1 | N73: 크린 | O73: 크린
A74: 71 | B74: W하우스 | C74: 304 | D74: 건물주 | E74: W | F74: 하나 127-910129-51107 김민자 | G74: 하나 225-910048-15704 박종호(하우스맨) | H74: 01-5314-3265 | I74: 20110304 | J74: 단기 | M74: 1 | N74: 크린 | O74: 크린
A75: 72 | B75: W하우스 | C75: 305 | D75: 건물주 | E75: W | F75: 하나 127-910129-51107 김민자 | G75: 하나 225-910048-15704 박종호(하우스맨) | H75: 01-5314-3274 | I75: 20110305 | J75: 단기 | M75: 1 | N75: 크린 | O75: 크린
A76: 73 | B76: W하우스 | C76: 401 | D76: 건물주 | E76: W | F76: 신한 110-184-764692 류재형 | G76: 하나 225-910048-15704 박종호(하우스맨) | H76: 01-0474-3119 | I76: 20110306 | J76: 단기 | M76: 1 | N76: 크린 | O76: 크린
A77: 74 | B77: W하우스 | C77: 402 | D77: 건물주 | E77: W | F77: 농협 312-7723-7401-31 류현백 | G77: 하나 225-910048-15704 박종호(하우스맨) | H77: 01-0474-3155 | I77: 20110307 | J77: 단기 | M77: 1 | N77: 크린 | O77: 크린
A78: 75 | B78: W하우스 | C78: 403 | D78: 건물주 | E78: W | F78: 농협 312-7723-7401-31 류현백 | G78: 하나 225-910048-15704 박종호(하우스맨) | H78: 01-0474-3100 | I78: 20110308 | J78: 단기 | M78: 1 | N78: 크린 | O78: 크린
A79: 76 | B79: W하우스 | C79: 501 | D79: 건물주 | E79: W | F79: 신한 110-184-764692 류재형 | G79: 하나 225-910048-15704 박종호(하우스맨) | H79: 01-0474-3128 | I79: 20110309 | J79: 단기 | M79: 1 | N79: 크린 | O79: 크린
A80: 77 | B80: W하우스 | C80: 502 | D80: 건물주 | E80: W | F80: 농협 312-7723-7401-31 류현백 | G80: 하나 225-910048-15704 박종호(하우스맨) | H80: 01-0474-3137 | I80: 20110310 | J80: 단기 | M80: 1 | N80: 크린 | O80: 크린
A81: 78 | B81: W하우스 | C81: 503 | D81: 건물주 | E81: W | F81: 농협 312-7723-7401-31 류현백 | G81: 하나 225-910048-15704 박종호(하우스맨) | H81: 01-0474-3146 | I81: 20110312 | J81: 단기 | M81: 1 | N81: 크린 | O81: 크린
A82: 79 | B82: W하우스 | C82: 601 | D82: 하우스맨 | E82: W | F82: 하나 225-910048-15704 박종호(하우스맨) | H82: 01-0474-3075 | I82: 20110313 | J82: 단기 | M82: 1 | N82: 크린 | O82: 크린
A83: 80 | B83: W하우스 | C83: 602 | D83: 하우스맨 | E83: W | F83: 하나 225-910048-15704 박종호(하우스맨) | H83: 01-5314-3283 | I83: 20110314 | J83: 단기 | M83: 1 | N83: 크린 | O83: 크린
A84: 81 | B84: W하우스 | C84: 603 | D84: 하우스맨 | E84: W | F84: 하나 225-910048-15704 박종호(하우스맨) | H84: 01-5314-3292 | I84: 20110315 | J84: 단기 | M84: 1 | N84: 크린 | O84: 크린
A85: 82 | B85: W하우스 | C85: 7층 | D85: 하우스맨 | E85: W | F85: 하나 225-910048-15704 박종호(하우스맨) | H85: 01-0474-3084 | I85: 18298999 | J85: 단기 | M85: 1 | N85: 크린 | O85: 크린
A86: 83 | B86: 포유빌 | C86: 창고 | D86: 하우스맨 | E86: 포유 | F86: 하나 225-910048-15704 박종호(하우스맨) | H86: 01-1173-6809 | J86: 단기 | K86: 자동 | M86: 1 | N86: 크린 | O86: 크린
A87: 84 | B87: 포유빌 | C87: 101 | D87: 하우스맨 | E87: 포유 | F87: 하나 225-910048-15704 박종호(하우스맨) | H87: 01-4044-7354 | I87: 15574079 | J87: 단기 | M87: 1 | N87: 크린 | O87: 크린
A88: 85 | B88: 포유빌 | C88: 201 | D88: 하우스맨 | E88: 포유 | F88: 하나 225-910048-15704 박종호(하우스맨) | H88: 01-4044-7381 | I88: 19743679 | J88: 단기 | M88: 1 | N88: 크린 | O88: 크린
A89: 86 | B89: 포유빌 | C89: 202 | D89: 하우스맨 | E89: 포유 | F89: 하나 225-910048-15704 박종호(하우스맨) | H89: 01-4044-7345 | I89: 19013091 | J89: 단기 | M89: 1 | N89: 크린 | O89: 크린
A90: 87 | B90: 포유빌 | C90: 301 | D90: 하우스맨 | E90: 포유 | F90: 하나 225-910048-15704 박종호(하우스맨) | H90: 01-4044-7425 | I90: 15574213 | J90: 단기 | M90: 1 | N90: 크린 | O90: 크린
A91: 88 | B91: 포유빌 | C91: 302 | D91: 하우스맨 | E91: 포유 | F91: 하나 225-910048-15704 박종호(하우스맨) | H91: 01-4044-7390 | I91: 19966820 | J91: 단기 | M91: 1 | N91: 크린 | O91: 크린
A92: 89 | B92: 포유빌 | C92: 401 | D92: 하우스맨 | E92: 포유 | F92: 하나 225-910048-15704 박종호(하우스맨) | H92: 01-4044-7416 | I92: 19886261 | J92: 단기 | M92: 1 | N92: 크린 | O92: 크린
A93: 90 | B93: 포유빌 | C93: 402 | D93: 하우스맨 | E93: 포유 | F93: 하나 225-910048-15704 박종호(하우스맨) | H93: 01-4044-7372 | I93: 19819430 | J93: 단기 | M93: 1 | N93: 크린 | O93: 크린
A94: 91 | B94: 포유빌 | C94: 403 | D94: 하우스맨 | E94: 포유 | F94: 하나 225-910048-15704 박종호(하우스맨) | H94: 01-4044-7407 | I94: 19668608 | J94: 단기 | M94: 1 | N94: 크린 | O94: 크린
A95: 92 | B95: 포유빌 | C95: 501 | D95: 하우스맨 | E95: 포유 | F95: 하나 225-910048-15704 박종호(하우스맨) | H95: 01-4044-7363 | I95: 19966821 | J95: 단기 | M95: 1 | N95: 크린 | O95: 크린
A96: 93 | B96: 미래홈 | C96: 101 | D96: 하우스맨 | E96: 미래홈 | F96: 하나 225-910048-15704 박종호(하우스맨) | H96: 01-5270-1822 | I96: 6005170064 | J96: 단기 | M96: 1 | N96: 크린 | O96: 크린
A97: 94 | B97: 미래홈 | C97: 102 | D97: 하우스맨 | E97: 미래홈 | F97: 하나 225-910048-15704 박종호(하우스맨) | H97: 01-5270-1831 | I97: 6004815459 | J97: 단기 | M97: 1 | N97: 크린 | O97: 크린
A98: 95 | B98: 미래홈 | C98: 103 | D98: 하우스맨 | E98: 미래홈 | F98: 하나 225-910048-15704 박종호(하우스맨) | H98: 01-5270-1840 | I98: 6004815461 | J98: 단기 | M98: 1 | N98: 크린 | O98: 크린
... A118: 115 | B118: 미래홈 | C118: 501 | D118: 하우스맨 | E118: 미래홈 | F118: 하나 225-910048-15704 박종호(하우스맨) | H118: 01-0295-6482 | I118: 6006358227 | J118: 단기 | M118: 1 | N118: 크린 | O118: 크린
A119: 116 | B119: 굿모닝빌 | C119: 201 | D119: 건물주 | E119: 굿모닝 | F119: 국민 411-24-0002-521 윤정연 | G119: 하나 225-910048-15704 박종호(하우스맨) | H119: 01-4050-6691 | I119: 17655397 | J119: 단기 | M119: 1 | N119: 크린 | O119: 크린
A120: 117 | B120: 굿모닝빌 | C120: 202 | D120: 건물주 | E120: 굿모닝 | F120: 국민 411-24-0002-521 윤정연 | G120: 하나 225-910048-15704 박종호(하우스맨) | H120: 01-4050-6682 | I120: 20195967 | J120: 단기 | M120: 1 | N120: 크린 | O120: 크린
A121: 118 | B121: 굿모닝빌 | C121: 203 | D121: 건물주 | E121: 굿모닝 | F121: 국민 411-24-0002-521 윤정연 | G121: 하나 225-910048-15704 박종호(하우스맨) | H121: 01-4050-6673 | I121: 20651129 | J121: 단기 | M121: 1 | N121: 크린 | O121: 크린
A122: 119 | B122: 굿모닝빌 | C122: 204 | D122: 건물주 | E122: 굿모닝 | F122: 국민 411-24-0002-521 윤정연 | G122: 하나 225-910048-15704 박종호(하우스맨) | H122: 01-4050-6655 | I122: 19345421 | J122: 단기 | M122: 1 | N122: 크린 | O122: 크린
A123: 120 | B123: 굿모닝빌 | C123: 301 | D123: 건물주 | E123: 굿모닝 | F123: 국민 411-24-0002-521 윤정연 | G123: 하나 225-910048-15704 박종호(하우스맨) | H123: 01-4050-6735 | I123: 20382227 | J123: 단기 | M123: 1 | N123: 크린 | O123: 크린
A124: 121 | B124: 굿모닝빌 | C124: 302 | D124: 건물주 | E124: 굿모닝 | F124: 국민 411-24-0002-521 윤정연 | G124: 하나 225-910048-15704 박종호(하우스맨) | H124: 01-4050-6744 | I124: 17495777 | J124: 단기 | M124: 1 | N124: 크린 | O124: 크린
A125: 122 | B125: 굿모닝빌 | C125: 303 | D125: 건물주 | E125: 굿모닝 | F125: 국민 411-24-0002-521 윤정연 | G125: 하나 225-910048-15704 박종호(하우스맨) | H125: 01-4050-6708 | I125: 17818942 | J125: 단기 | M125: 1 | N125: 크린 | O125: 크린
A126: 123 | B126: 굿모닝빌 | C126: 304 | D126: 건물주 | E126: 굿모닝 | F126: 국민 411-24-0002-521 윤정연 | G126: 하나 225-910048-15704 박종호(하우스맨) | H126: 01-4050-6771 | I126: 23861387 | J126: 단기 | M126: 1 | N126: 크린 | O126: 크린
A127: 124 | B127: 굿모닝빌 | C127: 401 | D127: 건물주 | E127: 굿모닝 | F127: 국민 411-24-0002-521 윤정연 | G127: 하나 225-910048-15704 박종호(하우스맨) | H127: 01-4050-6762 | I127: 17655398 | J127: 단기 | M127: 1 | N127: 크린 | O127: 크린
A128: 125 | B128: 굿모닝빌 | C128: 402 | D128: 건물주 | E128: 굿모닝 | F128: 국민 411-24-0002-521 윤정연 | G128: 하나 225-910048-15704 박종호(하우스맨) | H128: 01-4050-6726 | I128: 20860530 | J128: 단기 | M128: 1 | N128: 크린 | O128: 크린
A129: 126 | B129: 굿모닝빌 | C129: 501 | D129: 건물주 | E129: 굿모닝 | F129: 국민 411-24-0002-521 윤정연 | G129: 하나 225-910048-15704 박종호(하우스맨) | H129: 01-4050-6717 | I129: 20726171 | J129: 단기 | M129: 1 | N129: 크린 | O129: 크린
A130: 127 | B130: 굿모닝빌 | C130: 502 | D130: 건물주 | E130: 굿모닝 | F130: 국민 411-24-0002-521 윤정연 | G130: 하나 225-910048-15704 박종호(하우스맨) | H130: 01-4050-6753 | I130: 16889747 | J130: 단기 | M130: 1 | N130: 크린 | O130: 크린
A131: 128 | B131: 모닝빌 | C131: 201 | D131: 하우스맨 | E131: 모닝 | F131: 하나 225-910048-15704 박종호(하우스맨) | H131: 01-0473-7297 | I131: 21881178 | J131: 단기 | M131: 1 | N131: 크린 | O131: 크린
A132: 129 | B132: 모닝빌 | C132: 202 | D132: 하우스맨 | E132: 모닝 | F132: 하나 225-910048-15704 박종호(하우스맨) | H132: 01-0473-7288 | I132: 24684732 | J132: 단기 | M132: 1 | N132: 크린 | O132: 크린
A133: 130 | B133: 모닝빌 | C133: 203 | D133: 하우스맨 | E133: 모닝 | F133: 하나 225-910048-15704 박종호(하우스맨) | H133: 01-0473-7279 | I133: 20558458 | J133: 단기 | M133: 1 | N133: 크린 | O133: 크린
A134: 131 | B134: 모닝빌 | C134: 204 | D134: 하우스맨 | E134: 모닝 | F134: 하나 225-910048-15704 박종호(하우스맨) | H134: 01-0473-7260 | I134: 27846647 | J134: 단기 | M134: 1 | N134: 크린 | O134: 크린
A135: 132 | B135: 모닝빌 | C135: 205 | D135: 하우스맨 | E135: 모닝 | F135: 하나 225-910048-15704 박종호(하우스맨) | H135: 01-0473-7251 | I135: 20566338 | J135: 단기 | M135: 1 | N135: 크린 | O135: 크린
A136: 133 | B136: 모닝빌 | C136: 301 | D136: 하우스맨 | E136: 모닝 | F136: 하나 225-910048-15704 박종호(하우스맨) | H136: 01-0473-7340 | I136: 20049227 | J136: 단기 | M136: 1 | N136: 크린 | O136: 크린
A137: 134 | B137: 모닝빌 | C137: 302 | D137: 하우스맨 | E137: 모닝 | F137: 하나 225-910048-15704 박종호(하우스맨) | H137: 01-0473-7331 | I137: 19522733 | J137: 단기 | M137: 1 | N137: 크린 | O137: 크린
A138: 135 | B138: 모닝빌 | C138: 303 | D138: 하우스맨 | E138: 모닝 | F138: 하나 225-910048-15704 박종호(하우스맨) | H138: 01-0473-7322 | J138: 단기 | M138: 1 | N138: 크린 | O138: 크린
A139: 136 | B139: 모닝빌 | C139: 304 | D139: 하우스맨 | E139: 모닝 | F139: 하나 225-910048-15704 박종호(하우스맨) | H139: 01-0473-7313 | I139: 20470825 | J139: 단기 | M139: 1 | N139: 크린 | O139: 크린
A140: 137 | B140: 모닝빌 | C140: 305 | D140: 하우스맨 | E140: 모닝 | F140: 하나 225-910048-15704 박종호(하우스맨) | H140: 01-0473-7304 | I140: 19045333 | J140: 단기 | M140: 1 | N140: 크린 | O140: 크린
A141: 138 | B141: 모닝빌 | C141: 401 | D141: 하우스맨 | E141: 모닝 | F141: 하나 225-910048-15704 박종호(하우스맨) | H141: 01-0473-7395 | I141: 20554077 | J141: 단기 | M141: 1 | N141: 크린 | O141: 크린
A142: 139 | B142: 모닝빌 | C142: 402 | D142: 하우스맨 | E142: 모닝 | F142: 하나 225-910048-15704 박종호(하우스맨) | H142: 01-0473-7386 | I142: 20382229 | J142: 단기 | M142: 1 | N142: 크린 | O142: 크린
A143: 140 | B143: 모닝빌 | C143: 403 | D143: 하우스맨 | E143: 모닝 | F143: 하나 225-910048-15704 박종호(하우스맨) | H143: 01-0473-7377 | I143: 23107112 | J143: 단기 | M143: 1 | N143: 크린 | O143: 크린
A144: 141 | B144: 모닝빌 | C144: 404 | D144: 하우스맨 | E144: 모닝 | F144: 하나 225-910048-15704 박종호(하우스맨) | H144: 01-0473-7368 | I144: 20285206 | J144: 단기 | M144: 1 | N144: 크린 | O144: 크린
A145: 142 | B145: 모닝빌 | C145: 405 | D145: 하우스맨 | E145: 모닝 | F145: 하나 225-910048-15704 박종호(하우스맨) | H145: 01-5357-5002 | I145: 23867361 | J145: 단기 | M145: 1 | N145: 크린 | O145: 크린
A146: 143 | B146: 모닝빌 | C146: 501 | D146: 건물주
A147: 144 | B147: 에덴빌 | C147: 102 | D147: 하우스맨 | E147: 에덴 | F147: 하나 225-910048-15704 박종호(하우스맨) | H147: 01-1331-7839 | I147: 15505946 | J147: 단기 | M147: 1 | N147: 크린 | O147: 크린
A148: 145 | B148: 에덴빌 | C148: 201 | D148: 하우스맨 | E148: 에덴 | F148: 하나 225-910048-15704 박종호(하우스맨) | H148: 01-1331-7900 | I148: 27872695 | J148: 단기 | M148: 1 | N148: 크린 | O148: 크린
A149: 146 | B149: 에덴빌 | C149: 202 | D149: 하우스맨 | E149: 에덴 | F149: 하나 225-910048-15704 박종호(하우스맨) | H149: 01-1331-7893 | I149: 20248853 | J149: 단기 | M149: 1 | N149: 크린 | O149: 크린
A150: 147 | B150: 에덴빌 | C150: 203 | D150: 하우스맨 | E150: 에덴 | F150: 하나 225-910048-15704 박종호(하우스맨) | H150: 01-1331-7884 | I150: 18457278 | J150: 단기 | M150: 1 | N150: 크린 | O150: 크린
A151: 148 | B151: 에덴빌 | C151: 204 | D151: 하우스맨 | E151: 에덴 | F151: 하나 225-910048-15704 박종호(하우스맨) | H151: 01-1331-7875 | I151: 19949280 | J151: 단기 | M151: 1 | N151: 크린 | O151: 크린
A152: 149 | B152: 에덴빌 | C152: 301 | D152: 하우스맨 | E152: 에덴 | F152: 하나 225-910048-15704 박종호(하우스맨) | H152: 01-1331-7946 | I152: 19949281 | J152: 단기 | M152: 1 | N152: 크린 | O152: 크린
A153: 150 | B153: 에덴빌 | C153: 302 | D153: 하우스맨 | E153: 에덴 | F153: 하나 225-910048-15704 박종호(하우스맨) | H153: 01-1331-7937 | I153: 20339823 | J153: 단기 | M153: 1 | N153: 크린 | O153: 크린
A154: 151 | B154: 에덴빌 | C154: 303 | D154: 하우스맨 | E154: 에덴 | F154: 하나 225-910048-15704 박종호(하우스맨) | H154: 01-1331-7928 | I154: 19949279 | J154: 단기 | M154: 1 | N154: 크린 | O154: 크린
A155: 152 | B155: 에덴빌 | C155: 304 | D155: 하우스맨 | E155: 에덴 | F155: 하나 225-910048-15704 박종호(하우스맨) | H155: 01-1331-7919 | I155: 19742017 | J155: 단기 | M155: 1 | N155: 크린 | O155: 크린
A156: 153 | B156: 와이원빈티지 | C156: 201 | D156: 건물주 | E156: Y | F156: 농협 352-06081-947-53 유일한 | G156: 하나 225-910048-15704 박종호(하우스맨) | H156: 01-5378-6374 | I156: 25149270 | J156: 단기 | M156: 1 | N156: 크린 | O156: 크린
A157: 154 | B157: 와이원빈티지 | C157: 202 | D157: 건물주 | E157: Y | F157: 농협 351-1021-2523-63 유병수 | G157: 하나 225-910048-15704 박종호(하우스맨) | H157: 01-5378-6383 | I157: 20866553 | J157: 단기 | M157: 1 | N157: 크린 | O157: 크린
A158: 155 | B158: 와이원빈티지 | C158: 203 | D158: 건물주 | E158: Y | F158: 농협 352-06081-947-53 유일한 | G158: 하나 225-910048-15704 박종호(하우스맨) | H158: 01-5378-6392 | I158: 20866554 | J158: 단기 | M158: 1 | N158: 크린 | O158: 크린
A159: 156 | B159: 와이원빈티지 | C159: 204 | D159: 건물주 | E159: Y | F159: 농협 352-06081-947-53 유일한 | G159: 하나 225-910048-15704 박종호(하우스맨) | H159: 01-5378-6409 | I159: 20866552 | J159: 단기 | M159: 1 | N159: 크린 | O159: 크린
A160: 157 | B160: 와이원빈티지 | C160: 301 | D160: 건물주 | E160: Y | F160: 농협 351-1021-2523-63 유병수 | G160: 하나 225-910048-15704 박종호(하우스맨) | H160: 01-5378-6418 | I160: 20866559 | J160: 단기 | M160: 1 | N160: 크린 | O160: 크린
A161: 158 | B161: 와이원빈티지 | C161: 302 | D161: 건물주 | E161: Y | F161: 농협 351-1021-2523-63 유병수 | G161: 하나 225-910048-15704 박종호(하우스맨) | H161: 01-5378-6427 | I161: 20866556 | J161: 단기 | M161: 1 | N161: 크린 | O161: 크린
A162: 159 | B162: 와이원빈티지 | C162: 303 | D162: 건물주 | E162: Y | F162: 농협 352-06081-947-53 유일한 | G162: 하나 225-910048-15704 박종호(하우스맨) | H162: 01-5378-6436 | I162: 20866558 | J162: 단기 | M162: 1 | N162: 크린 | O162: 크린
A163: 160 | B163: 와이원빈티지 | C163: 304 | D163: 건물주 | E163: Y | F163: 농협 352-06081-947-53 유일한 | G163: 하나 225-910048-15704 박종호(하우스맨) | H163: 01-5378-6445 | I163: 20866557 | J163: 단기 | M163: 1 | N163: 크린 | O163: 크린
A164: 161 | B164: 와이원빈티지 | C164: 401 | D164: 건물주 | E164: Y | F164: 농협 351-1021-2523-63 유병수 | G164: 하나 225-910048-15704 박종호(하우스맨) | H164: 01-5378-6454 | I164: 20866560 | J164: 단기 | M164: 1 | N164: 크린 | O164: 크린
A165: 162 | B165: 와이원빈티지 | C165: 402 | D165: 건물주 | E165: Y | F165: 농협 352-06081-947-53 유일한 | G165: 하나 225-910048-15704 박종호(하우스맨) | H165: 01-5378-6463 | I165: 20866561 | J165: 단기 | M165: 1 | N165: 크린 | O165: 크린
A166: 163 | B166: 와이원빈티지 | C166: 403 | D166: 건물주 | E166: Y | F166: 농협 352-06081-947-53 유일한 | G166: 하나 225-910048-15704 박종호(하우스맨) | H166: 01-5378-6472 | I166: 20866562 | J166: 단기 | M166: 1 | N166: 크린 | O166: 크린
A167: 164 | B167: 와이원빈티지 | C167: 404 | D167: 건물주 | E167: Y | F167: 농협 352-06081-947-53 유일한 | G167: 하나 225-910048-15704 박종호(하우스맨) | H167: 01-0476-0279 | I167: 20866563 | J167: 단기 | M167: 1 | N167: 크린 | O167: 크린
... A169: 166 | B169: 와이원빈티지 | C169: 502 | D169: 건물주 | E169: Y | F169: 농협 352-06081-947-53 유일한 | G169: 하나 225-910048-15704 박종호(하우스맨) | H169: 01-0476-0260 | I169: 20866564 | J169: 단기 | M169: 1 | N169: 크린 | O169: 크린
A170: 167 | B170: 한스텔 | C170: B01 | D170: 건물주 | E170: 한스 | F170: 신한 100-030-950721 유경희 | G170: 하나 225-910048-15704 박종호(하우스맨) | H170: 01-0649-5837 | I170: 27443349 | J170: 단기 | M170: 1 | N170: 크린 | O170: 크린
...
